symbol;currency_group;currency_base;currency_quote
"AED/ARS";"Exotic-Cross";"UAE Dirham";"Argentinian Peso"
"AED/AUD";"Exotic-Cross";"UAE Dirham";"Australian Dollar"
"AED/BBD";"Exotic-Cross";"UAE Dirham";"Barbadian Dollar"
"AED/BRL";"Exotic-Cross";"UAE Dirham";"Brazil Real"
"AED/CAD";"Exotic-Cross";"UAE Dirham";"Canadian Dollar"
"AED/CHF";"Exotic-Cross";"UAE Dirham";"Swiss Franc"
"AED/CLP";"Exotic-Cross";"UAE Dirham";"Chilean Peso"
"AED/EUR";"Exotic-Cross";"UAE Dirham";"Euro"
"AED/GBP";"Exotic-Cross";"UAE Dirham";"British Pound"
"AED/HKD";"Exotic-Cross";"UAE Dirham";"Hong Kong Dollar"
"AED/INR";"Exotic-Cross";"UAE Dirham";"Indian Rupee"
"AED/JMD";"Exotic-Cross";"UAE Dirham";"Jamaican Dollar"
"AED/JPY";"Exotic-Cross";"UAE Dirham";"Japanese Yen"
"AED/KRW";"Exotic-Cross";"UAE Dirham";"Korean Won"
"AED/KWD";"Exotic-Cross";"UAE Dirham";"Kuwaiti Dinar"
"AED/LBP";"Exotic-Cross";"UAE Dirham";"Lebanese Pound"
"AED/LKR";"Exotic-Cross";"UAE Dirham";"Sri Lankan Rupee"
"AED/MAD";"Exotic-Cross";"UAE Dirham";"Moroccan Dirham"
"AED/MYR";"Exotic-Cross";"UAE Dirham";"Malaysian Ringgit"
"AED/NAD";"Exotic-Cross";"UAE Dirham";"Namibian Dollar"
"AED/NOK";"Exotic-Cross";"UAE Dirham";"Norwegian Krone"
"AED/NPR";"Exotic-Cross";"UAE Dirham";"Nepalese Rupee"
"AED/NZD";"Exotic-Cross";"UAE Dirham";"New Zealand Dollar"
"AED/OMR";"Exotic-Cross";"UAE Dirham";"Omani Rial"
"AED/PAB";"Exotic-Cross";"UAE Dirham";"Panamanian Balboa"
"AED/PKR";"Exotic-Cross";"UAE Dirham";"Pakistani Rupee"
"AED/QAR";"Exotic-Cross";"UAE Dirham";"Qatari Riyal"
"AED/RON";"Exotic-Cross";"UAE Dirham";"Romanian Leu"
"AED/SAR";"Exotic-Cross";"UAE Dirham";"Saudi Riyal"
"AED/SEK";"Exotic-Cross";"UAE Dirham";"Swedish Krona"
"AED/SGD";"Exotic-Cross";"UAE Dirham";"Singapore Dollar"
"AED/TRY";"Exotic-Cross";"UAE Dirham";"Turkish Lira"
"AED/USD";"Exotic";"UAE Dirham";"US Dollar"
"AED/VEF";"Exotic-Cross";"UAE Dirham";"Venezuelan Bolivar"
"AED/XAF";"Exotic-Cross";"UAE Dirham";"Central African CFA franc"
"AED/XCD";"Exotic-Cross";"UAE Dirham";"East Caribbean Dollar"
"AED/XOF";"Exotic-Cross";"UAE Dirham";"West African CFA franc"
"AED/ZAR";"Exotic-Cross";"UAE Dirham";"South African Rand"
"AFN/USD";"Minor";"Afghanistan Afghani";"US Dollar"
"ARS/AED";"Exotic-Cross";"Argentinian Peso";"UAE Dirham"
"ARS/BBD";"Exotic-Cross";"Argentinian Peso";"Barbadian Dollar"
"ARS/BHD";"Exotic-Cross";"Argentinian Peso";"Baharain Dinar"
"ARS/BRL";"Exotic-Cross";"Argentinian Peso";"Brazil Real"
"ARS/CNY";"Exotic-Cross";"Argentinian Peso";"Chinese Yuan"
"ARS/CZK";"Exotic-Cross";"Argentinian Peso";"Czech Koruna"
"ARS/EGP";"Exotic-Cross";"Argentinian Peso";"Egyptian Pound"
"ARS/EUR";"Exotic-Cross";"Argentinian Peso";"Euro"
"ARS/GBP";"Exotic-Cross";"Argentinian Peso";"British Pound"
"ARS/HUF";"Exotic-Cross";"Argentinian Peso";"Hungarian Forint"
"ARS/IDR";"Exotic-Cross";"Argentinian Peso";"Indonesian Rupiah"
"ARS/ILS";"Exotic-Cross";"Argentinian Peso";"Israeli Shekel"
"ARS/INR";"Exotic-Cross";"Argentinian Peso";"Indian Rupee"
"ARS/ISK";"Exotic-Cross";"Argentinian Peso";"Icelandic Krona"
"ARS/JMD";"Exotic-Cross";"Argentinian Peso";"Jamaican Dollar"
"ARS/JOD";"Exotic-Cross";"Argentinian Peso";"Jordan Dinar"
"ARS/JPY";"Exotic-Cross";"Argentinian Peso";"Japanese Yen"
"ARS/KES";"Exotic-Cross";"Argentinian Peso";"Kenyan Shilling"
"ARS/LBP";"Exotic-Cross";"Argentinian Peso";"Lebanese Pound"
"ARS/LKR";"Exotic-Cross";"Argentinian Peso";"Sri Lankan Rupee"
"ARS/MAD";"Exotic-Cross";"Argentinian Peso";"Moroccan Dirham"
"ARS/MYR";"Exotic-Cross";"Argentinian Peso";"Malaysian Ringgit"
"ARS/NAD";"Exotic-Cross";"Argentinian Peso";"Namibian Dollar"
"ARS/NOK";"Exotic-Cross";"Argentinian Peso";"Norwegian Krone"
"ARS/NPR";"Exotic-Cross";"Argentinian Peso";"Nepalese Rupee"
"ARS/NZD";"Exotic-Cross";"Argentinian Peso";"New Zealand Dollar"
"ARS/OMR";"Exotic-Cross";"Argentinian Peso";"Omani Rial"
"ARS/PAB";"Exotic-Cross";"Argentinian Peso";"Panamanian Balboa"
"ARS/PHP";"Exotic-Cross";"Argentinian Peso";"Philippine Peso"
"ARS/PKR";"Exotic-Cross";"Argentinian Peso";"Pakistani Rupee"
"ARS/PLN";"Exotic-Cross";"Argentinian Peso";"Polish Zloty"
"ARS/QAR";"Exotic-Cross";"Argentinian Peso";"Qatari Riyal"
"ARS/RON";"Exotic-Cross";"Argentinian Peso";"Romanian Leu"
"ARS/RUB";"Exotic-Cross";"Argentinian Peso";"Russian Ruble"
"ARS/SAR";"Exotic-Cross";"Argentinian Peso";"Saudi Riyal"
"ARS/SEK";"Exotic-Cross";"Argentinian Peso";"Swedish Krona"
"ARS/TRY";"Exotic-Cross";"Argentinian Peso";"Turkish Lira"
"ARS/TWD";"Exotic-Cross";"Argentinian Peso";"Taiwan Dollar"
"ARS/USD";"Exotic";"Argentinian Peso";"US Dollar"
"ARS/XAF";"Exotic-Cross";"Argentinian Peso";"Central African CFA franc"
"ARS/XCD";"Exotic-Cross";"Argentinian Peso";"East Caribbean Dollar"
"ARS/XOF";"Exotic-Cross";"Argentinian Peso";"West African CFA franc"
"ARS/ZAR";"Exotic-Cross";"Argentinian Peso";"South African Rand"
"AUD/AED";"Exotic-Cross";"Australian Dollar";"UAE Dirham"
"AUD/ARS";"Exotic-Cross";"Australian Dollar";"Argentinian Peso"
"AUD/BBD";"Exotic-Cross";"Australian Dollar";"Barbadian Dollar"
"AUD/BHD";"Exotic-Cross";"Australian Dollar";"Baharain Dinar"
"AUD/BRL";"Exotic-Cross";"Australian Dollar";"Brazil Real"
"AUD/BYN";"Exotic-Cross";"Australian Dollar";"Belarusian Ruble"
"AUD/CAD";"Minor";"Australian Dollar";"Canadian Dollar"
"AUD/CHF";"Minor";"Australian Dollar";"Swiss Franc"
"AUD/CLP";"Exotic-Cross";"Australian Dollar";"Chilean Peso"
"AUD/CNY";"Exotic-Cross";"Australian Dollar";"Chinese Yuan"
"AUD/CZK";"Exotic-Cross";"Australian Dollar";"Czech Koruna"
"AUD/DKK";"Exotic-Cross";"Australian Dollar";"Danish Krone"
"AUD/EGP";"Exotic-Cross";"Australian Dollar";"Egyptian Pound"
"AUD/EUR";"Minor";"Australian Dollar";"Euro"
"AUD/FJD";"Exotic-Cross";"Australian Dollar";"Fiji Dollar"
"AUD/GBP";"Minor";"Australian Dollar";"British Pound"
"AUD/HKD";"Exotic-Cross";"Australian Dollar";"Hong Kong Dollar"
"AUD/HUF";"Exotic-Cross";"Australian Dollar";"Hungarian Forint"
"AUD/IDR";"Exotic-Cross";"Australian Dollar";"Indonesian Rupiah"
"AUD/ILS";"Exotic-Cross";"Australian Dollar";"Israeli Shekel"
"AUD/INR";"Exotic-Cross";"Australian Dollar";"Indian Rupee"
"AUD/ISK";"Exotic-Cross";"Australian Dollar";"Icelandic Krona"
"AUD/JMD";"Exotic-Cross";"Australian Dollar";"Jamaican Dollar"
"AUD/JOD";"Exotic-Cross";"Australian Dollar";"Jordan Dinar"
"AUD/JPY";"Minor";"Australian Dollar";"Japanese Yen"
"AUD/KES";"Exotic-Cross";"Australian Dollar";"Kenyan Shilling"
"AUD/KRW";"Exotic-Cross";"Australian Dollar";"Korean Won"
"AUD/LBP";"Exotic-Cross";"Australian Dollar";"Lebanese Pound"
"AUD/LKR";"Exotic-Cross";"Australian Dollar";"Sri Lankan Rupee"
"AUD/MAD";"Exotic-Cross";"Australian Dollar";"Moroccan Dirham"
"AUD/MXN";"Exotic-Cross";"Australian Dollar";"Mexican Peso"
"AUD/MYR";"Exotic-Cross";"Australian Dollar";"Malaysian Ringgit"
"AUD/NAD";"Exotic-Cross";"Australian Dollar";"Namibian Dollar"
"AUD/NOK";"Exotic-Cross";"Australian Dollar";"Norwegian Krone"
"AUD/NPR";"Exotic-Cross";"Australian Dollar";"Nepalese Rupee"
"AUD/NZD";"Minor";"Australian Dollar";"New Zealand Dollar"
"AUD/OMR";"Exotic-Cross";"Australian Dollar";"Omani Rial"
"AUD/PHP";"Exotic-Cross";"Australian Dollar";"Philippine Peso"
"AUD/PKR";"Exotic-Cross";"Australian Dollar";"Pakistani Rupee"
"AUD/PLN";"Exotic-Cross";"Australian Dollar";"Polish Zloty"
"AUD/QAR";"Exotic-Cross";"Australian Dollar";"Qatari Riyal"
"AUD/RUB";"Exotic-Cross";"Australian Dollar";"Russian Ruble"
"AUD/SAR";"Exotic-Cross";"Australian Dollar";"Saudi Riyal"
"AUD/SEK";"Exotic-Cross";"Australian Dollar";"Swedish Krona"
"AUD/SGD";"Exotic-Cross";"Australian Dollar";"Singapore Dollar"
"AUD/THB";"Exotic-Cross";"Australian Dollar";"Thai Baht"
"AUD/TRY";"Exotic-Cross";"Australian Dollar";"Turkish Lira"
"AUD/TWD";"Exotic-Cross";"Australian Dollar";"Taiwan Dollar"
"AUD/UAH";"Exotic-Cross";"Australian Dollar";"Ukrainian Hryvnia"
"AUD/USD";"Major";"Australian Dollar";"US Dollar"
"AUD/XAF";"Exotic-Cross";"Australian Dollar";"Central African CFA franc"
"AUD/XCD";"Exotic-Cross";"Australian Dollar";"East Caribbean Dollar"
"AUD/XOF";"Exotic-Cross";"Australian Dollar";"West African CFA franc"
"AUD/ZAR";"Exotic-Cross";"Australian Dollar";"South African Rand"
"AZN/RUB";"Minor";"Azerbaijani Manat";"Russian Ruble"
"BGN/RUB";"Minor";"Bulgarian Lev";"Russian Ruble"
"BHD/EUR";"Exotic-Cross";"Baharain Dinar";"Euro"
"BHD/INR";"Minor";"Baharain Dinar";"Indian Rupee"
"BHD/PKR";"Exotic-Cross";"Baharain Dinar";"Pakistani Rupee"
"BOB/BRL";"Exotic-Cross";"Bolivian Boliviano";"Brazil Real"
"BOB/USD";"Exotic";"Bolivian Boliviano";"US Dollar"
"BRL/AED";"Exotic-Cross";"Brazil Real";"UAE Dirham"
"BRL/ARS";"Exotic-Cross";"Brazil Real";"Argentinian Peso"
"BRL/AUD";"Exotic-Cross";"Brazil Real";"Australian Dollar"
"BRL/BBD";"Exotic-Cross";"Brazil Real";"Barbadian Dollar"
"BRL/BHD";"Exotic-Cross";"Brazil Real";"Baharain Dinar"
"BRL/BOB";"Exotic-Cross";"Brazil Real";"Bolivian Boliviano"
"BRL/CHF";"Exotic-Cross";"Brazil Real";"Swiss Franc"
"BRL/CLP";"Exotic-Cross";"Brazil Real";"Chilean Peso"
"BRL/CNY";"Exotic-Cross";"Brazil Real";"Chinese Yuan"
"BRL/COP";"Exotic-Cross";"Brazil Real";"Colombian Peso"
"BRL/CZK";"Exotic-Cross";"Brazil Real";"Czech Koruna"
"BRL/DKK";"Exotic-Cross";"Brazil Real";"Danish Krone"
"BRL/EGP";"Exotic-Cross";"Brazil Real";"Egyptian Pound"
"BRL/EUR";"Exotic-Cross";"Brazil Real";"Euro"
"BRL/GBP";"Exotic-Cross";"Brazil Real";"British Pound"
"BRL/HKD";"Exotic-Cross";"Brazil Real";"Hong Kong Dollar"
"BRL/HUF";"Exotic-Cross";"Brazil Real";"Hungarian Forint"
"BRL/IDR";"Exotic-Cross";"Brazil Real";"Indonesian Rupiah"
"BRL/ILS";"Exotic-Cross";"Brazil Real";"Israeli Shekel"
"BRL/INR";"Exotic-Cross";"Brazil Real";"Indian Rupee"
"BRL/ISK";"Exotic-Cross";"Brazil Real";"Icelandic Krona"
"BRL/JMD";"Exotic-Cross";"Brazil Real";"Jamaican Dollar"
"BRL/JOD";"Exotic-Cross";"Brazil Real";"Jordan Dinar"
"BRL/JPY";"Exotic-Cross";"Brazil Real";"Japanese Yen"
"BRL/KES";"Exotic-Cross";"Brazil Real";"Kenyan Shilling"
"BRL/KRW";"Exotic-Cross";"Brazil Real";"Korean Won"
"BRL/LBP";"Exotic-Cross";"Brazil Real";"Lebanese Pound"
"BRL/LKR";"Exotic-Cross";"Brazil Real";"Sri Lankan Rupee"
"BRL/MAD";"Exotic-Cross";"Brazil Real";"Moroccan Dirham"
"BRL/MXN";"Exotic-Cross";"Brazil Real";"Mexican Peso"
"BRL/MYR";"Exotic-Cross";"Brazil Real";"Malaysian Ringgit"
"BRL/NAD";"Exotic-Cross";"Brazil Real";"Namibian Dollar"
"BRL/NOK";"Exotic-Cross";"Brazil Real";"Norwegian Krone"
"BRL/NPR";"Exotic-Cross";"Brazil Real";"Nepalese Rupee"
"BRL/NZD";"Exotic-Cross";"Brazil Real";"New Zealand Dollar"
"BRL/OMR";"Exotic-Cross";"Brazil Real";"Omani Rial"
"BRL/PAB";"Exotic-Cross";"Brazil Real";"Panamanian Balboa"
"BRL/PHP";"Exotic-Cross";"Brazil Real";"Philippine Peso"
"BRL/PKR";"Exotic-Cross";"Brazil Real";"Pakistani Rupee"
"BRL/PLN";"Exotic-Cross";"Brazil Real";"Polish Zloty"
"BRL/QAR";"Exotic-Cross";"Brazil Real";"Qatari Riyal"
"BRL/RON";"Exotic-Cross";"Brazil Real";"Romanian Leu"
"BRL/RUB";"Exotic-Cross";"Brazil Real";"Russian Ruble"
"BRL/SAR";"Exotic-Cross";"Brazil Real";"Saudi Riyal"
"BRL/SEK";"Exotic-Cross";"Brazil Real";"Swedish Krona"
"BRL/SGD";"Exotic-Cross";"Brazil Real";"Singapore Dollar"
"BRL/TWD";"Exotic-Cross";"Brazil Real";"Taiwan Dollar"
"BRL/USD";"Exotic";"Brazil Real";"US Dollar"
"BRL/XAF";"Exotic-Cross";"Brazil Real";"Central African CFA franc"
"BRL/XCD";"Exotic-Cross";"Brazil Real";"East Caribbean Dollar"
"BRL/XOF";"Exotic-Cross";"Brazil Real";"West African CFA franc"
"BRL/ZAR";"Exotic-Cross";"Brazil Real";"South African Rand"
"BWP/ZAR";"Exotic-Cross";"Botswana Pula";"South African Rand"
"BYN/USD";"Minor";"Belarusian Ruble";"US Dollar"
"CAD/AED";"Exotic-Cross";"Canadian Dollar";"UAE Dirham"
"CAD/ARS";"Exotic-Cross";"Canadian Dollar";"Argentinian Peso"
"CAD/AUD";"Minor";"Canadian Dollar";"Australian Dollar"
"CAD/BBD";"Exotic-Cross";"Canadian Dollar";"Barbadian Dollar"
"CAD/BHD";"Exotic-Cross";"Canadian Dollar";"Baharain Dinar"
"CAD/BRL";"Exotic-Cross";"Canadian Dollar";"Brazil Real"
"CAD/BYN";"Exotic-Cross";"Canadian Dollar";"Belarusian Ruble"
"CAD/CHF";"Minor";"Canadian Dollar";"Swiss Franc"
"CAD/CLP";"Exotic-Cross";"Canadian Dollar";"Chilean Peso"
"CAD/CNY";"Exotic-Cross";"Canadian Dollar";"Chinese Yuan"
"CAD/COP";"Minor";"Canadian Dollar";"Colombian Peso"
"CAD/CZK";"Exotic-Cross";"Canadian Dollar";"Czech Koruna"
"CAD/DKK";"Exotic-Cross";"Canadian Dollar";"Danish Krone"
"CAD/EGP";"Exotic-Cross";"Canadian Dollar";"Egyptian Pound"
"CAD/EUR";"Minor";"Canadian Dollar";"Euro"
"CAD/GBP";"Minor";"Canadian Dollar";"British Pound"
"CAD/HKD";"Exotic-Cross";"Canadian Dollar";"Hong Kong Dollar"
"CAD/HUF";"Exotic-Cross";"Canadian Dollar";"Hungarian Forint"
"CAD/IDR";"Exotic-Cross";"Canadian Dollar";"Indonesian Rupiah"
"CAD/ILS";"Exotic-Cross";"Canadian Dollar";"Israeli Shekel"
"CAD/INR";"Exotic-Cross";"Canadian Dollar";"Indian Rupee"
"CAD/ISK";"Exotic-Cross";"Canadian Dollar";"Icelandic Krona"
"CAD/JMD";"Exotic-Cross";"Canadian Dollar";"Jamaican Dollar"
"CAD/JOD";"Exotic-Cross";"Canadian Dollar";"Jordan Dinar"
"CAD/JPY";"Minor";"Canadian Dollar";"Japanese Yen"
"CAD/KES";"Exotic-Cross";"Canadian Dollar";"Kenyan Shilling"
"CAD/KRW";"Exotic-Cross";"Canadian Dollar";"Korean Won"
"CAD/KWD";"Exotic-Cross";"Canadian Dollar";"Kuwaiti Dinar"
"CAD/LBP";"Exotic-Cross";"Canadian Dollar";"Lebanese Pound"
"CAD/LKR";"Exotic-Cross";"Canadian Dollar";"Sri Lankan Rupee"
"CAD/MAD";"Exotic-Cross";"Canadian Dollar";"Moroccan Dirham"
"CAD/MXN";"Exotic-Cross";"Canadian Dollar";"Mexican Peso"
"CAD/MYR";"Exotic-Cross";"Canadian Dollar";"Malaysian Ringgit"
"CAD/NAD";"Exotic-Cross";"Canadian Dollar";"Namibian Dollar"
"CAD/NOK";"Exotic-Cross";"Canadian Dollar";"Norwegian Krone"
"CAD/NPR";"Exotic-Cross";"Canadian Dollar";"Nepalese Rupee"
"CAD/NZD";"Minor";"Canadian Dollar";"New Zealand Dollar"
"CAD/OMR";"Exotic-Cross";"Canadian Dollar";"Omani Rial"
"CAD/PAB";"Exotic-Cross";"Canadian Dollar";"Panamanian Balboa"
"CAD/PHP";"Exotic-Cross";"Canadian Dollar";"Philippine Peso"
"CAD/PKR";"Exotic-Cross";"Canadian Dollar";"Pakistani Rupee"
"CAD/PLN";"Exotic-Cross";"Canadian Dollar";"Polish Zloty"
"CAD/QAR";"Exotic-Cross";"Canadian Dollar";"Qatari Riyal"
"CAD/RON";"Exotic-Cross";"Canadian Dollar";"Romanian Leu"
"CAD/RUB";"Exotic-Cross";"Canadian Dollar";"Russian Ruble"
"CAD/SAR";"Exotic-Cross";"Canadian Dollar";"Saudi Riyal"
"CAD/SEK";"Exotic-Cross";"Canadian Dollar";"Swedish Krona"
"CAD/SGD";"Exotic-Cross";"Canadian Dollar";"Singapore Dollar"
"CAD/THB";"Exotic-Cross";"Canadian Dollar";"Thai Baht"
"CAD/TRY";"Exotic-Cross";"Canadian Dollar";"Turkish Lira"
"CAD/TWD";"Exotic-Cross";"Canadian Dollar";"Taiwan Dollar"
"CAD/UAH";"Exotic-Cross";"Canadian Dollar";"Ukrainian Hryvnia"
"CAD/USD";"Major";"Canadian Dollar";"US Dollar"
"CAD/XAF";"Exotic-Cross";"Canadian Dollar";"Central African CFA franc"
"CAD/XCD";"Exotic-Cross";"Canadian Dollar";"East Caribbean Dollar"
"CAD/XOF";"Exotic-Cross";"Canadian Dollar";"West African CFA franc"
"CAD/ZAR";"Exotic-Cross";"Canadian Dollar";"South African Rand"
"CHF/AED";"Exotic-Cross";"Swiss Franc";"UAE Dirham"
"CHF/ARS";"Exotic-Cross";"Swiss Franc";"Argentinian Peso"
"CHF/AUD";"Minor";"Swiss Franc";"Australian Dollar"
"CHF/BBD";"Exotic-Cross";"Swiss Franc";"Barbadian Dollar"
"CHF/BGN";"Exotic-Cross";"Swiss Franc";"Bulgarian Lev"
"CHF/BHD";"Exotic-Cross";"Swiss Franc";"Baharain Dinar"
"CHF/BRL";"Exotic-Cross";"Swiss Franc";"Brazil Real"
"CHF/BYN";"Exotic-Cross";"Swiss Franc";"Belarusian Ruble"
"CHF/CAD";"Minor";"Swiss Franc";"Canadian Dollar"
"CHF/CLP";"Exotic-Cross";"Swiss Franc";"Chilean Peso"
"CHF/CNY";"Exotic-Cross";"Swiss Franc";"Chinese Yuan"
"CHF/CZK";"Exotic-Cross";"Swiss Franc";"Czech Koruna"
"CHF/DKK";"Exotic-Cross";"Swiss Franc";"Danish Krone"
"CHF/EGP";"Exotic-Cross";"Swiss Franc";"Egyptian Pound"
"CHF/EUR";"Minor";"Swiss Franc";"Euro"
"CHF/GBP";"Minor";"Swiss Franc";"British Pound"
"CHF/HKD";"Exotic-Cross";"Swiss Franc";"Hong Kong Dollar"
"CHF/HUF";"Exotic-Cross";"Swiss Franc";"Hungarian Forint"
"CHF/IDR";"Exotic-Cross";"Swiss Franc";"Indonesian Rupiah"
"CHF/ILS";"Exotic-Cross";"Swiss Franc";"Israeli Shekel"
"CHF/INR";"Exotic-Cross";"Swiss Franc";"Indian Rupee"
"CHF/ISK";"Exotic-Cross";"Swiss Franc";"Icelandic Krona"
"CHF/JMD";"Exotic-Cross";"Swiss Franc";"Jamaican Dollar"
"CHF/JOD";"Exotic-Cross";"Swiss Franc";"Jordan Dinar"
"CHF/JPY";"Minor";"Swiss Franc";"Japanese Yen"
"CHF/KES";"Exotic-Cross";"Swiss Franc";"Kenyan Shilling"
"CHF/KRW";"Exotic-Cross";"Swiss Franc";"Korean Won"
"CHF/LBP";"Exotic-Cross";"Swiss Franc";"Lebanese Pound"
"CHF/LKR";"Exotic-Cross";"Swiss Franc";"Sri Lankan Rupee"
"CHF/MAD";"Exotic-Cross";"Swiss Franc";"Moroccan Dirham"
"CHF/MXN";"Exotic-Cross";"Swiss Franc";"Mexican Peso"
"CHF/MYR";"Exotic-Cross";"Swiss Franc";"Malaysian Ringgit"
"CHF/NAD";"Exotic-Cross";"Swiss Franc";"Namibian Dollar"
"CHF/NOK";"Exotic-Cross";"Swiss Franc";"Norwegian Krone"
"CHF/NPR";"Exotic-Cross";"Swiss Franc";"Nepalese Rupee"
"CHF/NZD";"Minor";"Swiss Franc";"New Zealand Dollar"
"CHF/OMR";"Exotic-Cross";"Swiss Franc";"Omani Rial"
"CHF/PAB";"Exotic-Cross";"Swiss Franc";"Panamanian Balboa"
"CHF/PHP";"Exotic-Cross";"Swiss Franc";"Philippine Peso"
"CHF/PKR";"Exotic-Cross";"Swiss Franc";"Pakistani Rupee"
"CHF/PLN";"Exotic-Cross";"Swiss Franc";"Polish Zloty"
"CHF/QAR";"Exotic-Cross";"Swiss Franc";"Qatari Riyal"
"CHF/RON";"Exotic-Cross";"Swiss Franc";"Romanian Leu"
"CHF/RUB";"Exotic-Cross";"Swiss Franc";"Russian Ruble"
"CHF/SAR";"Exotic-Cross";"Swiss Franc";"Saudi Riyal"
"CHF/SEK";"Exotic-Cross";"Swiss Franc";"Swedish Krona"
"CHF/SGD";"Exotic-Cross";"Swiss Franc";"Singapore Dollar"
"CHF/THB";"Exotic-Cross";"Swiss Franc";"Thai Baht"
"CHF/TRY";"Exotic-Cross";"Swiss Franc";"Turkish Lira"
"CHF/TWD";"Exotic-Cross";"Swiss Franc";"Taiwan Dollar"
"CHF/UAH";"Exotic-Cross";"Swiss Franc";"Ukrainian Hryvnia"
"CHF/USD";"Major";"Swiss Franc";"US Dollar"
"CHF/XAF";"Exotic-Cross";"Swiss Franc";"Central African CFA franc"
"CHF/XCD";"Exotic-Cross";"Swiss Franc";"East Caribbean Dollar"
"CHF/ZAR";"Exotic-Cross";"Swiss Franc";"South African Rand"
"CLP/BRL";"Exotic-Cross";"Chilean Peso";"Brazil Real"
"CLP/IDR";"Exotic-Cross";"Chilean Peso";"Indonesian Rupiah"
"CLP/USD";"Exotic";"Chilean Peso";"US Dollar"
"CNY/ARS";"Exotic-Cross";"Chinese Yuan";"Argentinian Peso"
"CNY/AUD";"Exotic-Cross";"Chinese Yuan";"Australian Dollar"
"CNY/BBD";"Exotic-Cross";"Chinese Yuan";"Barbadian Dollar"
"CNY/BHD";"Exotic-Cross";"Chinese Yuan";"Baharain Dinar"
"CNY/BRL";"Exotic-Cross";"Chinese Yuan";"Brazil Real"
"CNY/BYN";"Exotic-Cross";"Chinese Yuan";"Belarusian Ruble"
"CNY/CAD";"Exotic-Cross";"Chinese Yuan";"Canadian Dollar"
"CNY/CHF";"Exotic-Cross";"Chinese Yuan";"Swiss Franc"
"CNY/CLP";"Exotic-Cross";"Chinese Yuan";"Chilean Peso"
"CNY/CNH";"Minor";"Chinese Yuan";"Chinese Yuan (Offshore)"
"CNY/EUR";"Exotic-Cross";"Chinese Yuan";"Euro"
"CNY/GBP";"Exotic-Cross";"Chinese Yuan";"British Pound"
"CNY/HKD";"Exotic-Cross";"Chinese Yuan";"Hong Kong Dollar"
"CNY/IDR";"Exotic-Cross";"Chinese Yuan";"Indonesian Rupiah"
"CNY/INR";"Exotic-Cross";"Chinese Yuan";"Indian Rupee"
"CNY/JMD";"Exotic-Cross";"Chinese Yuan";"Jamaican Dollar"
"CNY/JPY";"Exotic-Cross";"Chinese Yuan";"Japanese Yen"
"CNY/KRW";"Exotic-Cross";"Chinese Yuan";"Korean Won"
"CNY/LBP";"Exotic-Cross";"Chinese Yuan";"Lebanese Pound"
"CNY/LKR";"Exotic-Cross";"Chinese Yuan";"Sri Lankan Rupee"
"CNY/MNT";"Minor";"Chinese Yuan";"Mongolian Tugrik"
"CNY/MYR";"Exotic-Cross";"Chinese Yuan";"Malaysian Ringgit"
"CNY/NAD";"Exotic-Cross";"Chinese Yuan";"Namibian Dollar"
"CNY/NPR";"Exotic-Cross";"Chinese Yuan";"Nepalese Rupee"
"CNY/NZD";"Exotic-Cross";"Chinese Yuan";"New Zealand Dollar"
"CNY/PAB";"Exotic-Cross";"Chinese Yuan";"Panamanian Balboa"
"CNY/PHP";"Exotic-Cross";"Chinese Yuan";"Philippine Peso"
"CNY/PKR";"Exotic-Cross";"Chinese Yuan";"Pakistani Rupee"
"CNY/PLN";"Exotic-Cross";"Chinese Yuan";"Polish Zloty"
"CNY/RON";"Exotic-Cross";"Chinese Yuan";"Romanian Leu"
"CNY/RUB";"Exotic-Cross";"Chinese Yuan";"Russian Ruble"
"CNY/SGD";"Exotic-Cross";"Chinese Yuan";"Singapore Dollar"
"CNY/THB";"Exotic-Cross";"Chinese Yuan";"Thai Baht"
"CNY/TWD";"Exotic-Cross";"Chinese Yuan";"Taiwan Dollar"
"CNY/UAH";"Exotic-Cross";"Chinese Yuan";"Ukrainian Hryvnia"
"CNY/USD";"Exotic";"Chinese Yuan";"US Dollar"
"CNY/VEF";"Exotic-Cross";"Chinese Yuan";"Venezuelan Bolivar"
"CNY/XAF";"Exotic-Cross";"Chinese Yuan";"Central African CFA franc"
"CNY/XCD";"Exotic-Cross";"Chinese Yuan";"East Caribbean Dollar"
"CNY/ZAR";"Exotic-Cross";"Chinese Yuan";"South African Rand"
"COP/BRL";"Exotic-Cross";"Colombian Peso";"Brazil Real"
"COP/USD";"Exotic";"Colombian Peso";"US Dollar"
"CZK/HUF";"Exotic-Cross";"Czech Koruna";"Hungarian Forint"
"CZK/JPY";"Exotic-Cross";"Czech Koruna";"Japanese Yen"
"CZK/PLN";"Minor";"Czech Koruna";"Polish Zloty"
"CZK/USD";"Minor";"Czech Koruna";"US Dollar"
"DKK/ARS";"Exotic-Cross";"Danish Krone";"Argentinian Peso"
"DKK/AUD";"Exotic-Cross";"Danish Krone";"Australian Dollar"
"DKK/BBD";"Exotic-Cross";"Danish Krone";"Barbadian Dollar"
"DKK/BHD";"Exotic-Cross";"Danish Krone";"Baharain Dinar"
"DKK/BRL";"Exotic-Cross";"Danish Krone";"Brazil Real"
"DKK/CAD";"Exotic-Cross";"Danish Krone";"Canadian Dollar"
"DKK/CHF";"Exotic-Cross";"Danish Krone";"Swiss Franc"
"DKK/COP";"Exotic-Cross";"Danish Krone";"Colombian Peso"
"DKK/CZK";"Exotic-Cross";"Danish Krone";"Czech Koruna"
"DKK/EUR";"Exotic-Cross";"Danish Krone";"Euro"
"DKK/GBP";"Exotic-Cross";"Danish Krone";"British Pound"
"DKK/HKD";"Exotic-Cross";"Danish Krone";"Hong Kong Dollar"
"DKK/HUF";"Exotic-Cross";"Danish Krone";"Hungarian Forint"
"DKK/IDR";"Exotic-Cross";"Danish Krone";"Indonesian Rupiah"
"DKK/INR";"Exotic-Cross";"Danish Krone";"Indian Rupee"
"DKK/JMD";"Exotic-Cross";"Danish Krone";"Jamaican Dollar"
"DKK/JPY";"Exotic-Cross";"Danish Krone";"Japanese Yen"
"DKK/KRW";"Exotic-Cross";"Danish Krone";"Korean Won"
"DKK/LBP";"Exotic-Cross";"Danish Krone";"Lebanese Pound"
"DKK/LKR";"Exotic-Cross";"Danish Krone";"Sri Lankan Rupee"
"DKK/NAD";"Exotic-Cross";"Danish Krone";"Namibian Dollar"
"DKK/NOK";"Exotic-Cross";"Danish Krone";"Norwegian Krone"
"DKK/NPR";"Exotic-Cross";"Danish Krone";"Nepalese Rupee"
"DKK/NZD";"Exotic-Cross";"Danish Krone";"New Zealand Dollar"
"DKK/OMR";"Exotic-Cross";"Danish Krone";"Omani Rial"
"DKK/PAB";"Exotic-Cross";"Danish Krone";"Panamanian Balboa"
"DKK/PKR";"Exotic-Cross";"Danish Krone";"Pakistani Rupee"
"DKK/PLN";"Exotic-Cross";"Danish Krone";"Polish Zloty"
"DKK/QAR";"Exotic-Cross";"Danish Krone";"Qatari Riyal"
"DKK/SAR";"Exotic-Cross";"Danish Krone";"Saudi Riyal"
"DKK/SEK";"Exotic-Cross";"Danish Krone";"Swedish Krona"
"DKK/SGD";"Exotic-Cross";"Danish Krone";"Singapore Dollar"
"DKK/THB";"Exotic-Cross";"Danish Krone";"Thai Baht"
"DKK/USD";"Exotic";"Danish Krone";"US Dollar"
"DKK/VEF";"Exotic-Cross";"Danish Krone";"Venezuelan Bolivar"
"DKK/XAF";"Exotic-Cross";"Danish Krone";"Central African CFA franc"
"DKK/XCD";"Exotic-Cross";"Danish Krone";"East Caribbean Dollar"
"DKK/ZAR";"Exotic-Cross";"Danish Krone";"South African Rand"
"EGP/AED";"Exotic-Cross";"Egyptian Pound";"UAE Dirham"
"EGP/EUR";"Exotic-Cross";"Egyptian Pound";"Euro"
"EGP/GBP";"Exotic-Cross";"Egyptian Pound";"British Pound"
"EGP/JPY";"Exotic-Cross";"Egyptian Pound";"Japanese Yen"
"EGP/PKR";"Exotic-Cross";"Egyptian Pound";"Pakistani Rupee"
"EGP/USD";"Exotic";"Egyptian Pound";"US Dollar"
"EUR/AED";"Exotic-Cross";"Euro";"UAE Dirham"
"EUR/AFN";"Exotic-Cross";"Euro";"Afghanistan Afghani"
"EUR/ALL";"Exotic-Cross";"Euro";"Albanian Lek"
"EUR/AMD";"Minor";"Euro";"Armenian Dram"
"EUR/AOA";"Minor";"Euro";"Angolan kwanza"
"EUR/ARS";"Exotic-Cross";"Euro";"Argentinian Peso"
"EUR/AUD";"Minor";"Euro";"Australian Dollar"
"EUR/AZN";"Exotic";"Euro";"Azerbaijani Manat"
"EUR/BBD";"Exotic-Cross";"Euro";"Barbadian Dollar"
"EUR/BDT";"Exotic-Cross";"Euro";"Bangladeshi Taka"
"EUR/BGN";"Exotic-Cross";"Euro";"Bulgarian Lev"
"EUR/BHD";"Exotic-Cross";"Euro";"Baharain Dinar"
"EUR/BIF";"Exotic-Cross";"Euro";"Burundian Franc"
"EUR/BND";"Exotic-Cross";"Euro";"Brunei Dollar"
"EUR/BOB";"Exotic-Cross";"Euro";"Bolivian Boliviano"
"EUR/BRL";"Exotic-Cross";"Euro";"Brazil Real"
"EUR/BSD";"Exotic-Cross";"Euro";"Bahamas Dollar"
"EUR/BWP";"Exotic-Cross";"Euro";"Botswana Pula"
"EUR/BYN";"Exotic-Cross";"Euro";"Belarusian Ruble"
"EUR/BZD";"Exotic-Cross";"Euro";"Belize Dollar"
"EUR/CAD";"Minor";"Euro";"Canadian Dollar"
"EUR/CHF";"Minor";"Euro";"Swiss Franc"
"EUR/CLP";"Exotic-Cross";"Euro";"Chilean Peso"
"EUR/CNY";"Exotic-Cross";"Euro";"Chinese Yuan"
"EUR/COP";"Exotic-Cross";"Euro";"Colombian Peso"
"EUR/CRC";"Exotic-Cross";"Euro";"Costa Rican Colon"
"EUR/CUP";"Exotic-Cross";"Euro";"Cuban Peso"
"EUR/CVE";"Exotic-Cross";"Euro";"Cape Verdean Escudo"
"EUR/CZK";"Exotic-Cross";"Euro";"Czech Koruna"
"EUR/DJF";"Exotic-Cross";"Euro";"Djiboutian Franc"
"EUR/DKK";"Exotic-Cross";"Euro";"Danish Krone"
"EUR/DOP";"Exotic-Cross";"Euro";"Dominican Peso"
"EUR/DZD";"Exotic-Cross";"Euro";"Algerian Dinar"
"EUR/EGP";"Exotic-Cross";"Euro";"Egyptian Pound"
"EUR/ETB";"Exotic-Cross";"Euro";"Ethiopian Birr"
"EUR/FJD";"Exotic-Cross";"Euro";"Fiji Dollar"
"EUR/GBP";"Minor";"Euro";"British Pound"
"EUR/GEL";"Minor";"Euro";"Georgian lari"
"EUR/GHS";"Exotic-Cross";"Euro";"Ghanaian Cedi"
"EUR/GMD";"Exotic-Cross";"Euro";"Gambian Dalasi"
"EUR/GNF";"Exotic-Cross";"Euro";"Guinean Franc"
"EUR/GTQ";"Exotic-Cross";"Euro";"Guatemalan Quetzal"
"EUR/HKD";"Exotic-Cross";"Euro";"Hong Kong Dollar"
"EUR/HNL";"Exotic-Cross";"Euro";"Honduran Lempira"
"EUR/HRK";"Exotic-Cross";"Euro";"Croatian Kuna"
"EUR/HTG";"Exotic-Cross";"Euro";"Haitian Gourde"
"EUR/HUF";"Exotic-Cross";"Euro";"Hungarian Forint"
"EUR/IDR";"Exotic-Cross";"Euro";"Indonesian Rupiah"
"EUR/ILS";"Exotic-Cross";"Euro";"Israeli Shekel"
"EUR/INR";"Exotic-Cross";"Euro";"Indian Rupee"
"EUR/IQD";"Exotic-Cross";"Euro";"Iraqi Dinar"
"EUR/ISK";"Exotic-Cross";"Euro";"Icelandic Krona"
"EUR/JMD";"Exotic-Cross";"Euro";"Jamaican Dollar"
"EUR/JOD";"Exotic-Cross";"Euro";"Jordan Dinar"
"EUR/JPY";"Minor";"Euro";"Japanese Yen"
"EUR/KES";"Exotic-Cross";"Euro";"Kenyan Shilling"
"EUR/KHR";"Exotic-Cross";"Euro";"Cambodian Riel"
"EUR/KRW";"Exotic-Cross";"Euro";"Korean Won"
"EUR/KWD";"Exotic-Cross";"Euro";"Kuwaiti Dinar"
"EUR/KYD";"Exotic-Cross";"Euro";"Cayman Islands Dollar"
"EUR/KZT";"Exotic-Cross";"Euro";"Kazakh Tenge"
"EUR/LAK";"Exotic-Cross";"Euro";"Lao Kip"
"EUR/LBP";"Exotic-Cross";"Euro";"Lebanese Pound"
"EUR/LKR";"Exotic-Cross";"Euro";"Sri Lankan Rupee"
"EUR/LSL";"Exotic-Cross";"Euro";"Lesotho loti"
"EUR/LYD";"Exotic-Cross";"Euro";"Libyan Dinar"
"EUR/MAD";"Exotic-Cross";"Euro";"Moroccan Dirham"
"EUR/MDL";"Exotic-Cross";"Euro";"Moldovan Leu"
"EUR/MGA";"Exotic-Cross";"Euro";"Malagasy Ariary"
"EUR/MKD";"Exotic-Cross";"Euro";"Macedonian Denar"
"EUR/MMK";"Exotic-Cross";"Euro";"Myanmar kyat"
"EUR/MOP";"Exotic-Cross";"Euro";"Macanese Pataca"
"EUR/MUR";"Exotic-Cross";"Euro";"Mauritian Rupee"
"EUR/MWK";"Exotic-Cross";"Euro";"Malawian Kwacha"
"EUR/MXN";"Exotic-Cross";"Euro";"Mexican Peso"
"EUR/MYR";"Exotic-Cross";"Euro";"Malaysian Ringgit"
"EUR/MZN";"Exotic";"Euro";"Mozambican Metical"
"EUR/NAD";"Exotic-Cross";"Euro";"Namibian Dollar"
"EUR/NGN";"Exotic-Cross";"Euro";"Nigerian Naira"
"EUR/NIO";"Exotic-Cross";"Euro";"Nicaraguan Cordoba"
"EUR/NOK";"Exotic-Cross";"Euro";"Norwegian Krone"
"EUR/NPR";"Exotic-Cross";"Euro";"Nepalese Rupee"
"EUR/NZD";"Minor";"Euro";"New Zealand Dollar"
"EUR/OMR";"Exotic-Cross";"Euro";"Omani Rial"
"EUR/PAB";"Exotic-Cross";"Euro";"Panamanian Balboa"
"EUR/PEN";"Exotic-Cross";"Euro";"Peru Sol"
"EUR/PGK";"Exotic-Cross";"Euro";"Papua New Guinean kina"
"EUR/PHP";"Exotic-Cross";"Euro";"Philippine Peso"
"EUR/PKR";"Exotic-Cross";"Euro";"Pakistani Rupee"
"EUR/PLN";"Exotic-Cross";"Euro";"Polish Zloty"
"EUR/PYG";"Exotic-Cross";"Euro";"Paraguayan Guarani"
"EUR/QAR";"Exotic-Cross";"Euro";"Qatari Riyal"
"EUR/RON";"Exotic-Cross";"Euro";"Romanian Leu"
"EUR/RSD";"Exotic-Cross";"Euro";"Serbian Dinar"
"EUR/RUB";"Exotic-Cross";"Euro";"Russian Ruble"
"EUR/RWF";"Exotic-Cross";"Euro";"Rwandan Franc"
"EUR/SAR";"Exotic-Cross";"Euro";"Saudi Riyal"
"EUR/SCR";"Exotic-Cross";"Euro";"Seychelles Rupee"
"EUR/SDG";"Exotic-Cross";"Euro";"Sudanese Pound"
"EUR/SEK";"Exotic-Cross";"Euro";"Swedish Krona"
"EUR/SGD";"Exotic-Cross";"Euro";"Singapore Dollar"
"EUR/SOS";"Exotic-Cross";"Euro";"Somali Shilling"
"EUR/SVC";"Exotic-Cross";"Euro";"El Salvador Colon"
"EUR/SZL";"Exotic-Cross";"Euro";"Swazi Lilangeni"
"EUR/THB";"Exotic-Cross";"Euro";"Thai Baht"
"EUR/TJS";"Minor";"Euro";"Tajikistani somoni"
"EUR/TND";"Exotic-Cross";"Euro";"Tunisian Dinar"
"EUR/TRY";"Exotic-Cross";"Euro";"Turkish Lira"
"EUR/TTD";"Exotic-Cross";"Euro";"Trinidad Dollar"
"EUR/TWD";"Exotic-Cross";"Euro";"Taiwan Dollar"
"EUR/TZS";"Exotic-Cross";"Euro";"Tanzanian Shilling"
"EUR/UAH";"Exotic-Cross";"Euro";"Ukrainian Hryvnia"
"EUR/UGX";"Exotic-Cross";"Euro";"Ugandan Shilling"
"EUR/USD";"Major";"Euro";"US Dollar"
"EUR/UYU";"Exotic-Cross";"Euro";"Uruguayan Peso"
"EUR/UZS";"Exotic-Cross";"Euro";"Uzbekistani Sum"
"EUR/VND";"Exotic-Cross";"Euro";"Vietnamese Dong"
"EUR/XAF";"Exotic-Cross";"Euro";"Central African CFA franc"
"EUR/XCD";"Exotic-Cross";"Euro";"East Caribbean Dollar"
"EUR/XOF";"Exotic-Cross";"Euro";"West African CFA franc"
"EUR/XPF";"Exotic-Cross";"Euro";"French Pacific Franc"
"EUR/ZAR";"Exotic-Cross";"Euro";"South African Rand"
"EUR/ZMK";"Exotic-Cross";"Euro";"Zambia Kwacha"
"FJD/USD";"Exotic";"Fiji Dollar";"US Dollar"
"GBP/AED";"Exotic-Cross";"British Pound";"UAE Dirham"
"GBP/ALL";"Exotic-Cross";"British Pound";"Albanian Lek"
"GBP/ARS";"Exotic-Cross";"British Pound";"Argentinian Peso"
"GBP/AUD";"Minor";"British Pound";"Australian Dollar"
"GBP/BBD";"Exotic-Cross";"British Pound";"Barbadian Dollar"
"GBP/BDT";"Exotic-Cross";"British Pound";"Bangladeshi Taka"
"GBP/BGN";"Exotic-Cross";"British Pound";"Bulgarian Lev"
"GBP/BHD";"Exotic-Cross";"British Pound";"Baharain Dinar"
"GBP/BIF";"Exotic-Cross";"British Pound";"Burundian Franc"
"GBP/BRL";"Exotic-Cross";"British Pound";"Brazil Real"
"GBP/BSD";"Exotic-Cross";"British Pound";"Bahamas Dollar"
"GBP/BWP";"Exotic-Cross";"British Pound";"Botswana Pula"
"GBP/BYN";"Exotic-Cross";"British Pound";"Belarusian Ruble"
"GBP/CAD";"Minor";"British Pound";"Canadian Dollar"
"GBP/CHF";"Minor";"British Pound";"Swiss Franc"
"GBP/CLP";"Exotic-Cross";"British Pound";"Chilean Peso"
"GBP/CNY";"Exotic-Cross";"British Pound";"Chinese Yuan"
"GBP/COP";"Exotic-Cross";"British Pound";"Colombian Peso"
"GBP/CRC";"Exotic-Cross";"British Pound";"Costa Rican Colon"
"GBP/CZK";"Exotic-Cross";"British Pound";"Czech Koruna"
"GBP/DJF";"Exotic-Cross";"British Pound";"Djiboutian Franc"
"GBP/DKK";"Exotic-Cross";"British Pound";"Danish Krone"
"GBP/DOP";"Exotic-Cross";"British Pound";"Dominican Peso"
"GBP/DZD";"Exotic-Cross";"British Pound";"Algerian Dinar"
"GBP/EGP";"Exotic-Cross";"British Pound";"Egyptian Pound"
"GBP/ETB";"Exotic-Cross";"British Pound";"Ethiopian Birr"
"GBP/EUR";"Minor";"British Pound";"Euro"
"GBP/FJD";"Exotic-Cross";"British Pound";"Fiji Dollar"
"GBP/GMD";"Exotic-Cross";"British Pound";"Gambian Dalasi"
"GBP/GTQ";"Exotic-Cross";"British Pound";"Guatemalan Quetzal"
"GBP/HKD";"Exotic-Cross";"British Pound";"Hong Kong Dollar"
"GBP/HNL";"Exotic-Cross";"British Pound";"Honduran Lempira"
"GBP/HTG";"Exotic-Cross";"British Pound";"Haitian Gourde"
"GBP/HUF";"Exotic-Cross";"British Pound";"Hungarian Forint"
"GBP/IDR";"Exotic-Cross";"British Pound";"Indonesian Rupiah"
"GBP/ILS";"Exotic-Cross";"British Pound";"Israeli Shekel"
"GBP/INR";"Exotic-Cross";"British Pound";"Indian Rupee"
"GBP/IQD";"Exotic-Cross";"British Pound";"Iraqi Dinar"
"GBP/IRR";"Exotic-Cross";"British Pound";"Iranian Rial"
"GBP/ISK";"Exotic-Cross";"British Pound";"Icelandic Krona"
"GBP/JMD";"Exotic-Cross";"British Pound";"Jamaican Dollar"
"GBP/JOD";"Exotic-Cross";"British Pound";"Jordan Dinar"
"GBP/JPY";"Minor";"British Pound";"Japanese Yen"
"GBP/KES";"Exotic-Cross";"British Pound";"Kenyan Shilling"
"GBP/KRW";"Exotic-Cross";"British Pound";"Korean Won"
"GBP/KWD";"Exotic-Cross";"British Pound";"Kuwaiti Dinar"
"GBP/KZT";"Exotic-Cross";"British Pound";"Kazakh Tenge"
"GBP/LBP";"Exotic-Cross";"British Pound";"Lebanese Pound"
"GBP/LKR";"Exotic-Cross";"British Pound";"Sri Lankan Rupee"
"GBP/MAD";"Exotic-Cross";"British Pound";"Moroccan Dirham"
"GBP/MUR";"Exotic-Cross";"British Pound";"Mauritian Rupee"
"GBP/MWK";"Exotic-Cross";"British Pound";"Malawian Kwacha"
"GBP/MXN";"Exotic-Cross";"British Pound";"Mexican Peso"
"GBP/MYR";"Exotic-Cross";"British Pound";"Malaysian Ringgit"
"GBP/NAD";"Exotic-Cross";"British Pound";"Namibian Dollar"
"GBP/NGN";"Exotic-Cross";"British Pound";"Nigerian Naira"
"GBP/NIO";"Exotic-Cross";"British Pound";"Nicaraguan Cordoba"
"GBP/NOK";"Exotic-Cross";"British Pound";"Norwegian Krone"
"GBP/NPR";"Minor";"British Pound";"Nepalese Rupee"
"GBP/NZD";"Minor";"British Pound";"New Zealand Dollar"
"GBP/OMR";"Exotic-Cross";"British Pound";"Omani Rial"
"GBP/PAB";"Exotic-Cross";"British Pound";"Panamanian Balboa"
"GBP/PEN";"Exotic-Cross";"British Pound";"Peru Sol"
"GBP/PGK";"Exotic-Cross";"British Pound";"Papua New Guinean kina"
"GBP/PHP";"Exotic-Cross";"British Pound";"Philippine Peso"
"GBP/PKR";"Exotic-Cross";"British Pound";"Pakistani Rupee"
"GBP/PLN";"Exotic-Cross";"British Pound";"Polish Zloty"
"GBP/QAR";"Exotic-Cross";"British Pound";"Qatari Riyal"
"GBP/RON";"Exotic-Cross";"British Pound";"Romanian Leu"
"GBP/RUB";"Exotic-Cross";"British Pound";"Russian Ruble"
"GBP/SAR";"Exotic-Cross";"British Pound";"Saudi Riyal"
"GBP/SCR";"Exotic-Cross";"British Pound";"Seychelles Rupee"
"GBP/SEK";"Exotic-Cross";"British Pound";"Swedish Krona"
"GBP/SGD";"Exotic-Cross";"British Pound";"Singapore Dollar"
"GBP/SZL";"Exotic-Cross";"British Pound";"Swazi Lilangeni"
"GBP/THB";"Exotic-Cross";"British Pound";"Thai Baht"
"GBP/TND";"Exotic-Cross";"British Pound";"Tunisian Dinar"
"GBP/TRY";"Exotic-Cross";"British Pound";"Turkish Lira"
"GBP/TTD";"Exotic-Cross";"British Pound";"Trinidad Dollar"
"GBP/TWD";"Exotic-Cross";"British Pound";"Taiwan Dollar"
"GBP/TZS";"Exotic-Cross";"British Pound";"Tanzanian Shilling"
"GBP/UAH";"Exotic-Cross";"British Pound";"Ukrainian Hryvnia"
"GBP/UGX";"Exotic-Cross";"British Pound";"Ugandan Shilling"
"GBP/USD";"Major";"British Pound";"US Dollar"
"GBP/VND";"Exotic-Cross";"British Pound";"Vietnamese Dong"
"GBP/XAF";"Exotic-Cross";"British Pound";"Central African CFA franc"
"GBP/XCD";"Exotic-Cross";"British Pound";"East Caribbean Dollar"
"GBP/XOF";"Exotic-Cross";"British Pound";"West African CFA franc"
"GBP/XPF";"Exotic-Cross";"British Pound";"French Pacific Franc"
"GBP/ZAR";"Exotic-Cross";"British Pound";"South African Rand"
"GEL/RUB";"Minor";"Georgian lari";"Russian Ruble"
"GHS/EUR";"Exotic-Cross";"Ghanaian Cedi";"Euro"
"GHS/USD";"Exotic";"Ghanaian Cedi";"US Dollar"
"HKD/AED";"Exotic-Cross";"Hong Kong Dollar";"UAE Dirham"
"HKD/AUD";"Exotic-Cross";"Hong Kong Dollar";"Australian Dollar"
"HKD/BBD";"Exotic-Cross";"Hong Kong Dollar";"Barbadian Dollar"
"HKD/BRL";"Exotic-Cross";"Hong Kong Dollar";"Brazil Real"
"HKD/CAD";"Exotic-Cross";"Hong Kong Dollar";"Canadian Dollar"
"HKD/CHF";"Exotic-Cross";"Hong Kong Dollar";"Swiss Franc"
"HKD/CNY";"Exotic-Cross";"Hong Kong Dollar";"Chinese Yuan"
"HKD/DKK";"Exotic-Cross";"Hong Kong Dollar";"Danish Krone"
"HKD/EUR";"Exotic-Cross";"Hong Kong Dollar";"Euro"
"HKD/GBP";"Exotic-Cross";"Hong Kong Dollar";"British Pound"
"HKD/IDR";"Exotic-Cross";"Hong Kong Dollar";"Indonesian Rupiah"
"HKD/ILS";"Exotic-Cross";"Hong Kong Dollar";"Israeli Shekel"
"HKD/INR";"Exotic-Cross";"Hong Kong Dollar";"Indian Rupee"
"HKD/JMD";"Exotic-Cross";"Hong Kong Dollar";"Jamaican Dollar"
"HKD/JPY";"Exotic-Cross";"Hong Kong Dollar";"Japanese Yen"
"HKD/KRW";"Exotic-Cross";"Hong Kong Dollar";"Korean Won"
"HKD/LKR";"Exotic-Cross";"Hong Kong Dollar";"Sri Lankan Rupee"
"HKD/MXN";"Exotic-Cross";"Hong Kong Dollar";"Mexican Peso"
"HKD/MYR";"Exotic-Cross";"Hong Kong Dollar";"Malaysian Ringgit"
"HKD/NAD";"Exotic-Cross";"Hong Kong Dollar";"Namibian Dollar"
"HKD/NOK";"Exotic-Cross";"Hong Kong Dollar";"Norwegian Krone"
"HKD/NPR";"Exotic-Cross";"Hong Kong Dollar";"Nepalese Rupee"
"HKD/NZD";"Exotic-Cross";"Hong Kong Dollar";"New Zealand Dollar"
"HKD/OMR";"Exotic-Cross";"Hong Kong Dollar";"Omani Rial"
"HKD/PAB";"Exotic-Cross";"Hong Kong Dollar";"Panamanian Balboa"
"HKD/PHP";"Exotic-Cross";"Hong Kong Dollar";"Philippine Peso"
"HKD/PKR";"Exotic-Cross";"Hong Kong Dollar";"Pakistani Rupee"
"HKD/PLN";"Exotic-Cross";"Hong Kong Dollar";"Polish Zloty"
"HKD/RON";"Exotic-Cross";"Hong Kong Dollar";"Romanian Leu"
"HKD/SEK";"Exotic-Cross";"Hong Kong Dollar";"Swedish Krona"
"HKD/SGD";"Exotic-Cross";"Hong Kong Dollar";"Singapore Dollar"
"HKD/THB";"Exotic-Cross";"Hong Kong Dollar";"Thai Baht"
"HKD/TWD";"Exotic-Cross";"Hong Kong Dollar";"Taiwan Dollar"
"HKD/USD";"Exotic";"Hong Kong Dollar";"US Dollar"
"HKD/XAF";"Exotic-Cross";"Hong Kong Dollar";"Central African CFA franc"
"HKD/XCD";"Exotic-Cross";"Hong Kong Dollar";"East Caribbean Dollar"
"HKD/XOF";"Exotic-Cross";"Hong Kong Dollar";"West African CFA franc"
"HKD/ZAR";"Exotic-Cross";"Hong Kong Dollar";"South African Rand"
"HUF/CLP";"Exotic-Cross";"Hungarian Forint";"Chilean Peso"
"HUF/EUR";"Minor";"Hungarian Forint";"Euro"
"HUF/JMD";"Exotic-Cross";"Hungarian Forint";"Jamaican Dollar"
"HUF/JPY";"Exotic-Cross";"Hungarian Forint";"Japanese Yen"
"HUF/LBP";"Exotic-Cross";"Hungarian Forint";"Lebanese Pound"
"HUF/NPR";"Exotic-Cross";"Hungarian Forint";"Nepalese Rupee"
"HUF/PKR";"Exotic-Cross";"Hungarian Forint";"Pakistani Rupee"
"HUF/USD";"Minor";"Hungarian Forint";"US Dollar"
"HUF/XAF";"Exotic-Cross";"Hungarian Forint";"Central African CFA franc"
"HUF/XOF";"Exotic-Cross";"Hungarian Forint";"West African CFA franc"
"IDR/AUD";"Minor";"Indonesian Rupiah";"Australian Dollar"
"IDR/CAD";"Exotic-Cross";"Indonesian Rupiah";"Canadian Dollar"
"IDR/CHF";"Minor";"Indonesian Rupiah";"Swiss Franc"
"IDR/CNY";"Exotic-Cross";"Indonesian Rupiah";"Chinese Yuan"
"IDR/EUR";"Minor";"Indonesian Rupiah";"Euro"
"IDR/GBP";"Minor";"Indonesian Rupiah";"British Pound"
"IDR/INR";"Exotic-Cross";"Indonesian Rupiah";"Indian Rupee"
"IDR/JPY";"Exotic-Cross";"Indonesian Rupiah";"Japanese Yen"
"IDR/KRW";"Exotic-Cross";"Indonesian Rupiah";"Korean Won"
"IDR/THB";"Exotic-Cross";"Indonesian Rupiah";"Thai Baht"
"IDR/TWD";"Exotic-Cross";"Indonesian Rupiah";"Taiwan Dollar"
"IDR/USD";"Minor";"Indonesian Rupiah";"US Dollar"
"ILS/ARS";"Exotic-Cross";"Israeli Shekel";"Argentinian Peso"
"ILS/BBD";"Exotic-Cross";"Israeli Shekel";"Barbadian Dollar"
"ILS/BGN";"Minor";"Israeli Shekel";"Bulgarian Lev"
"ILS/BHD";"Exotic-Cross";"Israeli Shekel";"Baharain Dinar"
"ILS/BRL";"Exotic-Cross";"Israeli Shekel";"Brazil Real"
"ILS/CHF";"Exotic-Cross";"Israeli Shekel";"Swiss Franc"
"ILS/COP";"Minor";"Israeli Shekel";"Colombian Peso"
"ILS/EUR";"Exotic-Cross";"Israeli Shekel";"Euro"
"ILS/GBP";"Exotic-Cross";"Israeli Shekel";"British Pound"
"ILS/HKD";"Exotic-Cross";"Israeli Shekel";"Hong Kong Dollar"
"ILS/JMD";"Exotic-Cross";"Israeli Shekel";"Jamaican Dollar"
"ILS/JPY";"Exotic-Cross";"Israeli Shekel";"Japanese Yen"
"ILS/LBP";"Exotic-Cross";"Israeli Shekel";"Lebanese Pound"
"ILS/MYR";"Exotic-Cross";"Israeli Shekel";"Malaysian Ringgit"
"ILS/NAD";"Exotic-Cross";"Israeli Shekel";"Namibian Dollar"
"ILS/NPR";"Exotic-Cross";"Israeli Shekel";"Nepalese Rupee"
"ILS/PAB";"Exotic-Cross";"Israeli Shekel";"Panamanian Balboa"
"ILS/PEN";"Minor";"Israeli Shekel";"Peru Sol"
"ILS/PKR";"Exotic-Cross";"Israeli Shekel";"Pakistani Rupee"
"ILS/PLN";"Exotic-Cross";"Israeli Shekel";"Polish Zloty"
"ILS/RON";"Exotic-Cross";"Israeli Shekel";"Romanian Leu"
"ILS/SGD";"Exotic-Cross";"Israeli Shekel";"Singapore Dollar"
"ILS/TWD";"Exotic-Cross";"Israeli Shekel";"Taiwan Dollar"
"ILS/UAH";"Minor";"Israeli Shekel";"Ukrainian Hryvnia"
"ILS/USD";"Exotic";"Israeli Shekel";"US Dollar"
"ILS/UYU";"Minor";"Israeli Shekel";"Uruguayan Peso"
"ILS/VEF";"Exotic-Cross";"Israeli Shekel";"Venezuelan Bolivar"
"ILS/XAF";"Exotic-Cross";"Israeli Shekel";"Central African CFA franc"
"ILS/XCD";"Exotic-Cross";"Israeli Shekel";"East Caribbean Dollar"
"ILS/XOF";"Exotic-Cross";"Israeli Shekel";"West African CFA franc"
"INR/BRL";"Minor";"Indian Rupee";"Brazil Real"
"INR/CLP";"Exotic-Cross";"Indian Rupee";"Chilean Peso"
"INR/CNY";"Exotic-Cross";"Indian Rupee";"Chinese Yuan"
"INR/EUR";"Exotic-Cross";"Indian Rupee";"Euro"
"INR/GBP";"Exotic-Cross";"Indian Rupee";"British Pound"
"INR/HKD";"Exotic-Cross";"Indian Rupee";"Hong Kong Dollar"
"INR/IDR";"Exotic-Cross";"Indian Rupee";"Indonesian Rupiah"
"INR/JMD";"Exotic-Cross";"Indian Rupee";"Jamaican Dollar"
"INR/JPY";"Exotic-Cross";"Indian Rupee";"Japanese Yen"
"INR/KRW";"Exotic-Cross";"Indian Rupee";"Korean Won"
"INR/LBP";"Exotic-Cross";"Indian Rupee";"Lebanese Pound"
"INR/MYR";"Exotic-Cross";"Indian Rupee";"Malaysian Ringgit"
"INR/NAD";"Exotic-Cross";"Indian Rupee";"Namibian Dollar"
"INR/NPR";"Exotic-Cross";"Indian Rupee";"Nepalese Rupee"
"INR/PHP";"Exotic-Cross";"Indian Rupee";"Philippine Peso"
"INR/PKR";"Exotic-Cross";"Indian Rupee";"Pakistani Rupee"
"INR/RUB";"Exotic-Cross";"Indian Rupee";"Russian Ruble"
"INR/THB";"Exotic-Cross";"Indian Rupee";"Thai Baht"
"INR/TWD";"Exotic-Cross";"Indian Rupee";"Taiwan Dollar"
"INR/USD";"Exotic";"Indian Rupee";"US Dollar"
"INR/XAF";"Exotic-Cross";"Indian Rupee";"Central African CFA franc"
"INR/XOF";"Exotic-Cross";"Indian Rupee";"West African CFA franc"
"INR/ZAR";"Exotic-Cross";"Indian Rupee";"South African Rand"
"IQD/USD";"Minor";"Iraqi Dinar";"US Dollar"
"IRR/USD";"Minor";"Iranian Rial";"US Dollar"
"ISK/CHF";"Exotic-Cross";"Icelandic Krona";"Swiss Franc"
"ISK/CLP";"Exotic-Cross";"Icelandic Krona";"Chilean Peso"
"ISK/JMD";"Exotic-Cross";"Icelandic Krona";"Jamaican Dollar"
"ISK/LBP";"Exotic-Cross";"Icelandic Krona";"Lebanese Pound"
"ISK/NPR";"Exotic-Cross";"Icelandic Krona";"Nepalese Rupee"
"ISK/PKR";"Exotic-Cross";"Icelandic Krona";"Pakistani Rupee"
"ISK/XAF";"Exotic-Cross";"Icelandic Krona";"Central African CFA franc"
"ISK/XOF";"Exotic-Cross";"Icelandic Krona";"West African CFA franc"
"JOD/EUR";"Minor";"Jordan Dinar";"Euro"
"JOD/GBP";"Minor";"Jordan Dinar";"British Pound"
"JOD/USD";"Minor";"Jordan Dinar";"US Dollar"
"JPY/AED";"Exotic-Cross";"Japanese Yen";"UAE Dirham"
"JPY/ARS";"Exotic-Cross";"Japanese Yen";"Argentinian Peso"
"JPY/AUD";"Minor";"Japanese Yen";"Australian Dollar"
"JPY/BRL";"Exotic-Cross";"Japanese Yen";"Brazil Real"
"JPY/BYN";"Exotic-Cross";"Japanese Yen";"Belarusian Ruble"
"JPY/CAD";"Minor";"Japanese Yen";"Canadian Dollar"
"JPY/CHF";"Minor";"Japanese Yen";"Swiss Franc"
"JPY/CLP";"Exotic-Cross";"Japanese Yen";"Chilean Peso"
"JPY/CNY";"Exotic-Cross";"Japanese Yen";"Chinese Yuan"
"JPY/CZK";"Exotic-Cross";"Japanese Yen";"Czech Koruna"
"JPY/DKK";"Exotic-Cross";"Japanese Yen";"Danish Krone"
"JPY/EGP";"Exotic-Cross";"Japanese Yen";"Egyptian Pound"
"JPY/EUR";"Minor";"Japanese Yen";"Euro"
"JPY/GBP";"Minor";"Japanese Yen";"British Pound"
"JPY/HKD";"Exotic-Cross";"Japanese Yen";"Hong Kong Dollar"
"JPY/HUF";"Exotic-Cross";"Japanese Yen";"Hungarian Forint"
"JPY/IDR";"Exotic-Cross";"Japanese Yen";"Indonesian Rupiah"
"JPY/ILS";"Exotic-Cross";"Japanese Yen";"Israeli Shekel"
"JPY/INR";"Exotic-Cross";"Japanese Yen";"Indian Rupee"
"JPY/ISK";"Exotic-Cross";"Japanese Yen";"Icelandic Krona"
"JPY/JMD";"Exotic-Cross";"Japanese Yen";"Jamaican Dollar"
"JPY/JOD";"Exotic-Cross";"Japanese Yen";"Jordan Dinar"
"JPY/KES";"Exotic-Cross";"Japanese Yen";"Kenyan Shilling"
"JPY/KRW";"Exotic-Cross";"Japanese Yen";"Korean Won"
"JPY/KWD";"Exotic-Cross";"Japanese Yen";"Kuwaiti Dinar"
"JPY/LBP";"Exotic-Cross";"Japanese Yen";"Lebanese Pound"
"JPY/LKR";"Exotic-Cross";"Japanese Yen";"Sri Lankan Rupee"
"JPY/MXN";"Exotic-Cross";"Japanese Yen";"Mexican Peso"
"JPY/MYR";"Exotic-Cross";"Japanese Yen";"Malaysian Ringgit"
"JPY/NOK";"Exotic-Cross";"Japanese Yen";"Norwegian Krone"
"JPY/NPR";"Exotic-Cross";"Japanese Yen";"Nepalese Rupee"
"JPY/NZD";"Minor";"Japanese Yen";"New Zealand Dollar"
"JPY/PHP";"Exotic-Cross";"Japanese Yen";"Philippine Peso"
"JPY/PKR";"Exotic-Cross";"Japanese Yen";"Pakistani Rupee"
"JPY/PLN";"Exotic-Cross";"Japanese Yen";"Polish Zloty"
"JPY/RUB";"Exotic-Cross";"Japanese Yen";"Russian Ruble"
"JPY/SAR";"Exotic-Cross";"Japanese Yen";"Saudi Riyal"
"JPY/SEK";"Exotic-Cross";"Japanese Yen";"Swedish Krona"
"JPY/SGD";"Exotic-Cross";"Japanese Yen";"Singapore Dollar"
"JPY/THB";"Exotic-Cross";"Japanese Yen";"Thai Baht"
"JPY/TRY";"Minor";"Japanese Yen";"Turkish Lira"
"JPY/TWD";"Exotic-Cross";"Japanese Yen";"Taiwan Dollar"
"JPY/UAH";"Exotic-Cross";"Japanese Yen";"Ukrainian Hryvnia"
"JPY/USD";"Major";"Japanese Yen";"US Dollar"
"JPY/XAF";"Exotic-Cross";"Japanese Yen";"Central African CFA franc"
"JPY/XOF";"Exotic-Cross";"Japanese Yen";"West African CFA franc"
"JPY/ZAR";"Exotic-Cross";"Japanese Yen";"South African Rand"
"KGS/RUB";"Minor";"Kyrgyzstan som";"Russian Ruble"
"KRW/AUD";"Exotic-Cross";"Korean Won";"Australian Dollar"
"KRW/CAD";"Exotic-Cross";"Korean Won";"Canadian Dollar"
"KRW/CHF";"Exotic-Cross";"Korean Won";"Swiss Franc"
"KRW/CNY";"Exotic-Cross";"Korean Won";"Chinese Yuan"
"KRW/EUR";"Exotic-Cross";"Korean Won";"Euro"
"KRW/GBP";"Exotic-Cross";"Korean Won";"British Pound"
"KRW/HKD";"Exotic-Cross";"Korean Won";"Hong Kong Dollar"
"KRW/IDR";"Exotic-Cross";"Korean Won";"Indonesian Rupiah"
"KRW/INR";"Exotic-Cross";"Korean Won";"Indian Rupee"
"KRW/JPY";"Exotic-Cross";"Korean Won";"Japanese Yen"
"KRW/MYR";"Exotic-Cross";"Korean Won";"Malaysian Ringgit"
"KRW/SGD";"Exotic-Cross";"Korean Won";"Singapore Dollar"
"KRW/THB";"Exotic-Cross";"Korean Won";"Thai Baht"
"KRW/TWD";"Exotic-Cross";"Korean Won";"Taiwan Dollar"
"KRW/USD";"Exotic";"Korean Won";"US Dollar"
"KRW/ZAR";"Exotic-Cross";"Korean Won";"South African Rand"
"KWD/EUR";"Minor";"Kuwaiti Dinar";"Euro"
"KWD/GBP";"Exotic-Cross";"Kuwaiti Dinar";"British Pound"
"KWD/JPY";"Exotic-Cross";"Kuwaiti Dinar";"Japanese Yen"
"KWD/MYR";"Minor";"Kuwaiti Dinar";"Malaysian Ringgit"
"KWD/PKR";"Exotic-Cross";"Kuwaiti Dinar";"Pakistani Rupee"
"KWD/SGD";"Minor";"Kuwaiti Dinar";"Singapore Dollar"
"KWD/USD";"Minor";"Kuwaiti Dinar";"US Dollar"
"KYD/USD";"Exotic";"Cayman Islands Dollar";"US Dollar"
"MAD/EUR";"Exotic-Cross";"Moroccan Dirham";"Euro"
"MDL/RUB";"Minor";"Moldovan Leu";"Russian Ruble"
"MXN/AUD";"Exotic-Cross";"Mexican Peso";"Australian Dollar"
"MXN/BBD";"Exotic-Cross";"Mexican Peso";"Barbadian Dollar"
"MXN/BRL";"Exotic-Cross";"Mexican Peso";"Brazil Real"
"MXN/CAD";"Exotic-Cross";"Mexican Peso";"Canadian Dollar"
"MXN/CHF";"Exotic-Cross";"Mexican Peso";"Swiss Franc"
"MXN/DKK";"Exotic-Cross";"Mexican Peso";"Danish Krone"
"MXN/EUR";"Exotic-Cross";"Mexican Peso";"Euro"
"MXN/GBP";"Exotic-Cross";"Mexican Peso";"British Pound"
"MXN/HKD";"Exotic-Cross";"Mexican Peso";"Hong Kong Dollar"
"MXN/JMD";"Exotic-Cross";"Mexican Peso";"Jamaican Dollar"
"MXN/JPY";"Exotic-Cross";"Mexican Peso";"Japanese Yen"
"MXN/LBP";"Exotic-Cross";"Mexican Peso";"Lebanese Pound"
"MXN/NAD";"Exotic-Cross";"Mexican Peso";"Namibian Dollar"
"MXN/NPR";"Exotic-Cross";"Mexican Peso";"Nepalese Rupee"
"MXN/PAB";"Exotic-Cross";"Mexican Peso";"Panamanian Balboa"
"MXN/PKR";"Exotic-Cross";"Mexican Peso";"Pakistani Rupee"
"MXN/RON";"Exotic-Cross";"Mexican Peso";"Romanian Leu"
"MXN/SGD";"Exotic-Cross";"Mexican Peso";"Singapore Dollar"
"MXN/TWD";"Exotic-Cross";"Mexican Peso";"Taiwan Dollar"
"MXN/USD";"Exotic";"Mexican Peso";"US Dollar"
"MXN/XAF";"Exotic-Cross";"Mexican Peso";"Central African CFA franc"
"MXN/XCD";"Exotic-Cross";"Mexican Peso";"East Caribbean Dollar"
"MXN/XOF";"Exotic-Cross";"Mexican Peso";"West African CFA franc"
"MXN/ZAR";"Exotic-Cross";"Mexican Peso";"South African Rand"
"MYR/CNY";"Exotic-Cross";"Malaysian Ringgit";"Chinese Yuan"
"MYR/HKD";"Exotic-Cross";"Malaysian Ringgit";"Hong Kong Dollar"
"MYR/IDR";"Exotic-Cross";"Malaysian Ringgit";"Indonesian Rupiah"
"MYR/INR";"Exotic-Cross";"Malaysian Ringgit";"Indian Rupee"
"MYR/JPY";"Exotic-Cross";"Malaysian Ringgit";"Japanese Yen"
"MYR/KRW";"Exotic-Cross";"Malaysian Ringgit";"Korean Won"
"MYR/NZD";"Exotic-Cross";"Malaysian Ringgit";"New Zealand Dollar"
"MYR/PKR";"Exotic-Cross";"Malaysian Ringgit";"Pakistani Rupee"
"MYR/SGD";"Exotic-Cross";"Malaysian Ringgit";"Singapore Dollar"
"MYR/THB";"Exotic-Cross";"Malaysian Ringgit";"Thai Baht"
"MYR/TWD";"Exotic-Cross";"Malaysian Ringgit";"Taiwan Dollar"
"MYR/USD";"Minor";"Malaysian Ringgit";"US Dollar"
"MYR/ZAR";"Exotic-Cross";"Malaysian Ringgit";"South African Rand"
"NIO/USD";"Exotic";"Nicaraguan Cordoba";"US Dollar"
"NOK/AED";"Exotic-Cross";"Norwegian Krone";"UAE Dirham"
"NOK/ARS";"Exotic-Cross";"Norwegian Krone";"Argentinian Peso"
"NOK/AUD";"Exotic-Cross";"Norwegian Krone";"Australian Dollar"
"NOK/BBD";"Exotic-Cross";"Norwegian Krone";"Barbadian Dollar"
"NOK/BHD";"Exotic-Cross";"Norwegian Krone";"Baharain Dinar"
"NOK/BRL";"Exotic-Cross";"Norwegian Krone";"Brazil Real"
"NOK/CAD";"Exotic-Cross";"Norwegian Krone";"Canadian Dollar"
"NOK/CHF";"Exotic-Cross";"Norwegian Krone";"Swiss Franc"
"NOK/CZK";"Exotic-Cross";"Norwegian Krone";"Czech Koruna"
"NOK/DKK";"Exotic-Cross";"Norwegian Krone";"Danish Krone"
"NOK/EUR";"Exotic-Cross";"Norwegian Krone";"Euro"
"NOK/GBP";"Exotic-Cross";"Norwegian Krone";"British Pound"
"NOK/HKD";"Exotic-Cross";"Norwegian Krone";"Hong Kong Dollar"
"NOK/ISK";"Exotic-Cross";"Norwegian Krone";"Icelandic Krona"
"NOK/JMD";"Exotic-Cross";"Norwegian Krone";"Jamaican Dollar"
"NOK/JPY";"Exotic-Cross";"Norwegian Krone";"Japanese Yen"
"NOK/LBP";"Exotic-Cross";"Norwegian Krone";"Lebanese Pound"
"NOK/LKR";"Exotic-Cross";"Norwegian Krone";"Sri Lankan Rupee"
"NOK/NAD";"Exotic-Cross";"Norwegian Krone";"Namibian Dollar"
"NOK/NPR";"Exotic-Cross";"Norwegian Krone";"Nepalese Rupee"
"NOK/NZD";"Exotic-Cross";"Norwegian Krone";"New Zealand Dollar"
"NOK/PAB";"Exotic-Cross";"Norwegian Krone";"Panamanian Balboa"
"NOK/PKR";"Exotic-Cross";"Norwegian Krone";"Pakistani Rupee"
"NOK/PLN";"Exotic-Cross";"Norwegian Krone";"Polish Zloty"
"NOK/SEK";"Exotic-Cross";"Norwegian Krone";"Swedish Krona"
"NOK/SGD";"Exotic-Cross";"Norwegian Krone";"Singapore Dollar"
"NOK/USD";"Exotic";"Norwegian Krone";"US Dollar"
"NOK/VEF";"Exotic-Cross";"Norwegian Krone";"Venezuelan Bolivar"
"NOK/XAF";"Exotic-Cross";"Norwegian Krone";"Central African CFA franc"
"NOK/XCD";"Exotic-Cross";"Norwegian Krone";"East Caribbean Dollar"
"NOK/XOF";"Exotic-Cross";"Norwegian Krone";"West African CFA franc"
"NOK/ZAR";"Exotic-Cross";"Norwegian Krone";"South African Rand"
"NZD/AED";"Exotic-Cross";"New Zealand Dollar";"UAE Dirham"
"NZD/ARS";"Exotic-Cross";"New Zealand Dollar";"Argentinian Peso"
"NZD/AUD";"Minor";"New Zealand Dollar";"Australian Dollar"
"NZD/BBD";"Exotic-Cross";"New Zealand Dollar";"Barbadian Dollar"
"NZD/BHD";"Exotic-Cross";"New Zealand Dollar";"Baharain Dinar"
"NZD/BRL";"Exotic-Cross";"New Zealand Dollar";"Brazil Real"
"NZD/BYN";"Exotic-Cross";"New Zealand Dollar";"Belarusian Ruble"
"NZD/CAD";"Minor";"New Zealand Dollar";"Canadian Dollar"
"NZD/CHF";"Minor";"New Zealand Dollar";"Swiss Franc"
"NZD/CNY";"Exotic-Cross";"New Zealand Dollar";"Chinese Yuan"
"NZD/CZK";"Exotic-Cross";"New Zealand Dollar";"Czech Koruna"
"NZD/DKK";"Exotic-Cross";"New Zealand Dollar";"Danish Krone"
"NZD/EUR";"Minor";"New Zealand Dollar";"Euro"
"NZD/GBP";"Minor";"New Zealand Dollar";"British Pound"
"NZD/HKD";"Exotic-Cross";"New Zealand Dollar";"Hong Kong Dollar"
"NZD/HUF";"Exotic-Cross";"New Zealand Dollar";"Hungarian Forint"
"NZD/IDR";"Exotic-Cross";"New Zealand Dollar";"Indonesian Rupiah"
"NZD/ILS";"Exotic-Cross";"New Zealand Dollar";"Israeli Shekel"
"NZD/INR";"Exotic-Cross";"New Zealand Dollar";"Indian Rupee"
"NZD/JMD";"Exotic-Cross";"New Zealand Dollar";"Jamaican Dollar"
"NZD/JPY";"Minor";"New Zealand Dollar";"Japanese Yen"
"NZD/KRW";"Exotic-Cross";"New Zealand Dollar";"Korean Won"
"NZD/LBP";"Exotic-Cross";"New Zealand Dollar";"Lebanese Pound"
"NZD/LKR";"Exotic-Cross";"New Zealand Dollar";"Sri Lankan Rupee"
"NZD/MXN";"Exotic-Cross";"New Zealand Dollar";"Mexican Peso"
"NZD/MYR";"Exotic-Cross";"New Zealand Dollar";"Malaysian Ringgit"
"NZD/NAD";"Exotic-Cross";"New Zealand Dollar";"Namibian Dollar"
"NZD/NOK";"Exotic-Cross";"New Zealand Dollar";"Norwegian Krone"
"NZD/NPR";"Exotic-Cross";"New Zealand Dollar";"Nepalese Rupee"
"NZD/PAB";"Exotic-Cross";"New Zealand Dollar";"Panamanian Balboa"
"NZD/PHP";"Exotic-Cross";"New Zealand Dollar";"Philippine Peso"
"NZD/PKR";"Exotic-Cross";"New Zealand Dollar";"Pakistani Rupee"
"NZD/PLN";"Exotic-Cross";"New Zealand Dollar";"Polish Zloty"
"NZD/RON";"Exotic-Cross";"New Zealand Dollar";"Romanian Leu"
"NZD/SAR";"Exotic-Cross";"New Zealand Dollar";"Saudi Riyal"
"NZD/SGD";"Exotic-Cross";"New Zealand Dollar";"Singapore Dollar"
"NZD/THB";"Exotic-Cross";"New Zealand Dollar";"Thai Baht"
"NZD/TWD";"Exotic-Cross";"New Zealand Dollar";"Taiwan Dollar"
"NZD/USD";"Major";"New Zealand Dollar";"US Dollar"
"NZD/VEF";"Exotic-Cross";"New Zealand Dollar";"Venezuelan Bolivar"
"NZD/XAF";"Exotic-Cross";"New Zealand Dollar";"Central African CFA franc"
"NZD/XCD";"Exotic-Cross";"New Zealand Dollar";"East Caribbean Dollar"
"NZD/XOF";"Exotic-Cross";"New Zealand Dollar";"West African CFA franc"
"NZD/ZAR";"Exotic-Cross";"New Zealand Dollar";"South African Rand"
"OMR/GBP";"Exotic-Cross";"Omani Rial";"British Pound"
"OMR/PKR";"Exotic-Cross";"Omani Rial";"Pakistani Rupee"
"PEN/USD";"Exotic";"Peru Sol";"US Dollar"
"PHP/CLP";"Exotic-Cross";"Philippine Peso";"Chilean Peso"
"PHP/CNY";"Exotic-Cross";"Philippine Peso";"Chinese Yuan"
"PHP/HKD";"Exotic-Cross";"Philippine Peso";"Hong Kong Dollar"
"PHP/IDR";"Exotic-Cross";"Philippine Peso";"Indonesian Rupiah"
"PHP/INR";"Exotic-Cross";"Philippine Peso";"Indian Rupee"
"PHP/JMD";"Exotic-Cross";"Philippine Peso";"Jamaican Dollar"
"PHP/JPY";"Exotic-Cross";"Philippine Peso";"Japanese Yen"
"PHP/KRW";"Exotic-Cross";"Philippine Peso";"Korean Won"
"PHP/LBP";"Exotic-Cross";"Philippine Peso";"Lebanese Pound"
"PHP/MYR";"Exotic-Cross";"Philippine Peso";"Malaysian Ringgit"
"PHP/NAD";"Exotic-Cross";"Philippine Peso";"Namibian Dollar"
"PHP/NPR";"Exotic-Cross";"Philippine Peso";"Nepalese Rupee"
"PHP/THB";"Exotic-Cross";"Philippine Peso";"Thai Baht"
"PHP/USD";"Minor";"Philippine Peso";"US Dollar"
"PHP/XAF";"Exotic-Cross";"Philippine Peso";"Central African CFA franc"
"PHP/XOF";"Exotic-Cross";"Philippine Peso";"West African CFA franc"
"PKR/CLP";"Exotic-Cross";"Pakistani Rupee";"Chilean Peso"
"PKR/CZK";"Exotic-Cross";"Pakistani Rupee";"Czech Koruna"
"PKR/HUF";"Exotic-Cross";"Pakistani Rupee";"Hungarian Forint"
"PKR/IDR";"Exotic-Cross";"Pakistani Rupee";"Indonesian Rupiah"
"PKR/INR";"Exotic-Cross";"Pakistani Rupee";"Indian Rupee"
"PKR/ISK";"Exotic-Cross";"Pakistani Rupee";"Icelandic Krona"
"PKR/JMD";"Exotic-Cross";"Pakistani Rupee";"Jamaican Dollar"
"PKR/JPY";"Exotic-Cross";"Pakistani Rupee";"Japanese Yen"
"PKR/KES";"Exotic-Cross";"Pakistani Rupee";"Kenyan Shilling"
"PKR/KRW";"Exotic-Cross";"Pakistani Rupee";"Korean Won"
"PKR/LBP";"Exotic-Cross";"Pakistani Rupee";"Lebanese Pound"
"PKR/LKR";"Exotic-Cross";"Pakistani Rupee";"Sri Lankan Rupee"
"PKR/NPR";"Exotic-Cross";"Pakistani Rupee";"Nepalese Rupee"
"PKR/RUB";"Exotic-Cross";"Pakistani Rupee";"Russian Ruble"
"PKR/XAF";"Exotic-Cross";"Pakistani Rupee";"Central African CFA franc"
"PKR/XOF";"Exotic-Cross";"Pakistani Rupee";"West African CFA franc"
"PLN/AUD";"Exotic-Cross";"Polish Zloty";"Australian Dollar"
"PLN/BBD";"Exotic-Cross";"Polish Zloty";"Barbadian Dollar"
"PLN/CHF";"Exotic-Cross";"Polish Zloty";"Swiss Franc"
"PLN/CNY";"Exotic-Cross";"Polish Zloty";"Chinese Yuan"
"PLN/CZK";"Exotic-Cross";"Polish Zloty";"Czech Koruna"
"PLN/DKK";"Exotic-Cross";"Polish Zloty";"Danish Krone"
"PLN/EUR";"Exotic-Cross";"Polish Zloty";"Euro"
"PLN/GBP";"Exotic-Cross";"Polish Zloty";"British Pound"
"PLN/ILS";"Exotic-Cross";"Polish Zloty";"Israeli Shekel"
"PLN/INR";"Exotic-Cross";"Polish Zloty";"Indian Rupee"
"PLN/JMD";"Exotic-Cross";"Polish Zloty";"Jamaican Dollar"
"PLN/JPY";"Exotic-Cross";"Polish Zloty";"Japanese Yen"
"PLN/NAD";"Exotic-Cross";"Polish Zloty";"Namibian Dollar"
"PLN/NPR";"Exotic-Cross";"Polish Zloty";"Nepalese Rupee"
"PLN/PAB";"Exotic-Cross";"Polish Zloty";"Panamanian Balboa"
"PLN/RUB";"Exotic-Cross";"Polish Zloty";"Russian Ruble"
"PLN/THB";"Exotic-Cross";"Polish Zloty";"Thai Baht"
"PLN/UAH";"Minor";"Polish Zloty";"Ukrainian Hryvnia"
"PLN/USD";"Exotic";"Polish Zloty";"US Dollar"
"PLN/XAF";"Exotic-Cross";"Polish Zloty";"Central African CFA franc"
"PLN/XCD";"Exotic-Cross";"Polish Zloty";"East Caribbean Dollar"
"PLN/XOF";"Exotic-Cross";"Polish Zloty";"West African CFA franc"
"PLN/ZAR";"Exotic-Cross";"Polish Zloty";"South African Rand"
"PYG/USD";"Exotic";"Paraguayan Guarani";"US Dollar"
"QAR/PKR";"Exotic-Cross";"Qatari Riyal";"Pakistani Rupee"
"RUB/AMD";"Minor";"Russian Ruble";"Armenian Dram"
"RUB/ARS";"Exotic-Cross";"Russian Ruble";"Argentinian Peso"
"RUB/AUD";"Exotic-Cross";"Russian Ruble";"Australian Dollar"
"RUB/BRL";"Minor";"Russian Ruble";"Brazil Real"
"RUB/CHF";"Exotic-Cross";"Russian Ruble";"Swiss Franc"
"RUB/CLP";"Exotic-Cross";"Russian Ruble";"Chilean Peso"
"RUB/CNY";"Exotic-Cross";"Russian Ruble";"Chinese Yuan"
"RUB/EUR";"Exotic-Cross";"Russian Ruble";"Euro"
"RUB/GBP";"Exotic-Cross";"Russian Ruble";"British Pound"
"RUB/JMD";"Exotic-Cross";"Russian Ruble";"Jamaican Dollar"
"RUB/JPY";"Exotic-Cross";"Russian Ruble";"Japanese Yen"
"RUB/LBP";"Exotic-Cross";"Russian Ruble";"Lebanese Pound"
"RUB/MYR";"Exotic-Cross";"Russian Ruble";"Malaysian Ringgit"
"RUB/NAD";"Exotic-Cross";"Russian Ruble";"Namibian Dollar"
"RUB/NPR";"Exotic-Cross";"Russian Ruble";"Nepalese Rupee"
"RUB/PKR";"Exotic-Cross";"Russian Ruble";"Pakistani Rupee"
"RUB/PLN";"Exotic-Cross";"Russian Ruble";"Polish Zloty"
"RUB/UAH";"Exotic-Cross";"Russian Ruble";"Ukrainian Hryvnia"
"RUB/USD";"Exotic";"Russian Ruble";"US Dollar"
"RUB/VEF";"Exotic-Cross";"Russian Ruble";"Venezuelan Bolivar"
"RUB/VND";"Minor";"Russian Ruble";"Vietnamese Dong"
"RUB/XAF";"Exotic-Cross";"Russian Ruble";"Central African CFA franc"
"RUB/XOF";"Exotic-Cross";"Russian Ruble";"West African CFA franc"
"RUB/ZAR";"Exotic-Cross";"Russian Ruble";"South African Rand"
"SAR/AED";"Exotic-Cross";"Saudi Riyal";"UAE Dirham"
"SAR/ARS";"Exotic-Cross";"Saudi Riyal";"Argentinian Peso"
"SAR/BBD";"Exotic-Cross";"Saudi Riyal";"Barbadian Dollar"
"SAR/BRL";"Exotic-Cross";"Saudi Riyal";"Brazil Real"
"SAR/CHF";"Exotic-Cross";"Saudi Riyal";"Swiss Franc"
"SAR/CLP";"Exotic-Cross";"Saudi Riyal";"Chilean Peso"
"SAR/EUR";"Exotic-Cross";"Saudi Riyal";"Euro"
"SAR/GBP";"Exotic-Cross";"Saudi Riyal";"British Pound"
"SAR/HKD";"Exotic-Cross";"Saudi Riyal";"Hong Kong Dollar"
"SAR/IDR";"Exotic-Cross";"Saudi Riyal";"Indonesian Rupiah"
"SAR/JMD";"Exotic-Cross";"Saudi Riyal";"Jamaican Dollar"
"SAR/JPY";"Exotic-Cross";"Saudi Riyal";"Japanese Yen"
"SAR/LBP";"Exotic-Cross";"Saudi Riyal";"Lebanese Pound"
"SAR/LKR";"Exotic-Cross";"Saudi Riyal";"Sri Lankan Rupee"
"SAR/MYR";"Exotic-Cross";"Saudi Riyal";"Malaysian Ringgit"
"SAR/NAD";"Exotic-Cross";"Saudi Riyal";"Namibian Dollar"
"SAR/NPR";"Exotic-Cross";"Saudi Riyal";"Nepalese Rupee"
"SAR/PAB";"Exotic-Cross";"Saudi Riyal";"Panamanian Balboa"
"SAR/PKR";"Exotic-Cross";"Saudi Riyal";"Pakistani Rupee"
"SAR/RON";"Exotic-Cross";"Saudi Riyal";"Romanian Leu"
"SAR/SEK";"Exotic-Cross";"Saudi Riyal";"Swedish Krona"
"SAR/SGD";"Exotic-Cross";"Saudi Riyal";"Singapore Dollar"
"SAR/USD";"Exotic";"Saudi Riyal";"US Dollar"
"SAR/VEF";"Exotic-Cross";"Saudi Riyal";"Venezuelan Bolivar"
"SAR/XAF";"Exotic-Cross";"Saudi Riyal";"Central African CFA franc"
"SAR/XCD";"Exotic-Cross";"Saudi Riyal";"East Caribbean Dollar"
"SAR/XOF";"Exotic-Cross";"Saudi Riyal";"West African CFA franc"
"SDR/RUB";"Minor";"Special Drawing Rights";"Russian Ruble"
"SDR/TRY";"Minor";"Special Drawing Rights";"Turkish Lira"
"SEK/AED";"Exotic-Cross";"Swedish Krona";"UAE Dirham"
"SEK/ARS";"Exotic-Cross";"Swedish Krona";"Argentinian Peso"
"SEK/AUD";"Exotic-Cross";"Swedish Krona";"Australian Dollar"
"SEK/BBD";"Exotic-Cross";"Swedish Krona";"Barbadian Dollar"
"SEK/BHD";"Exotic-Cross";"Swedish Krona";"Baharain Dinar"
"SEK/BRL";"Exotic-Cross";"Swedish Krona";"Brazil Real"
"SEK/CAD";"Exotic-Cross";"Swedish Krona";"Canadian Dollar"
"SEK/CHF";"Exotic-Cross";"Swedish Krona";"Swiss Franc"
"SEK/CNY";"Exotic-Cross";"Swedish Krona";"Chinese Yuan"
"SEK/CZK";"Exotic-Cross";"Swedish Krona";"Czech Koruna"
"SEK/DKK";"Exotic-Cross";"Swedish Krona";"Danish Krone"
"SEK/EUR";"Exotic-Cross";"Swedish Krona";"Euro"
"SEK/GBP";"Exotic-Cross";"Swedish Krona";"British Pound"
"SEK/HKD";"Exotic-Cross";"Swedish Krona";"Hong Kong Dollar"
"SEK/IDR";"Exotic-Cross";"Swedish Krona";"Indonesian Rupiah"
"SEK/ILS";"Exotic-Cross";"Swedish Krona";"Israeli Shekel"
"SEK/INR";"Exotic-Cross";"Swedish Krona";"Indian Rupee"
"SEK/ISK";"Exotic-Cross";"Swedish Krona";"Icelandic Krona"
"SEK/JPY";"Exotic-Cross";"Swedish Krona";"Japanese Yen"
"SEK/KRW";"Exotic-Cross";"Swedish Krona";"Korean Won"
"SEK/LBP";"Exotic-Cross";"Swedish Krona";"Lebanese Pound"
"SEK/LKR";"Exotic-Cross";"Swedish Krona";"Sri Lankan Rupee"
"SEK/NAD";"Exotic-Cross";"Swedish Krona";"Namibian Dollar"
"SEK/NOK";"Exotic-Cross";"Swedish Krona";"Norwegian Krone"
"SEK/NPR";"Exotic-Cross";"Swedish Krona";"Nepalese Rupee"
"SEK/NZD";"Exotic-Cross";"Swedish Krona";"New Zealand Dollar"
"SEK/PAB";"Exotic-Cross";"Swedish Krona";"Panamanian Balboa"
"SEK/PKR";"Exotic-Cross";"Swedish Krona";"Pakistani Rupee"
"SEK/PLN";"Exotic-Cross";"Swedish Krona";"Polish Zloty"
"SEK/QAR";"Exotic-Cross";"Swedish Krona";"Qatari Riyal"
"SEK/RUB";"Exotic-Cross";"Swedish Krona";"Russian Ruble"
"SEK/SAR";"Exotic-Cross";"Swedish Krona";"Saudi Riyal"
"SEK/SGD";"Exotic-Cross";"Swedish Krona";"Singapore Dollar"
"SEK/USD";"Exotic";"Swedish Krona";"US Dollar"
"SEK/VEF";"Exotic-Cross";"Swedish Krona";"Venezuelan Bolivar"
"SEK/XAF";"Exotic-Cross";"Swedish Krona";"Central African CFA franc"
"SEK/XCD";"Exotic-Cross";"Swedish Krona";"East Caribbean Dollar"
"SEK/XOF";"Exotic-Cross";"Swedish Krona";"West African CFA franc"
"SEK/ZAR";"Exotic-Cross";"Swedish Krona";"South African Rand"
"SGD/AED";"Exotic-Cross";"Singapore Dollar";"UAE Dirham"
"SGD/ARS";"Exotic-Cross";"Singapore Dollar";"Argentinian Peso"
"SGD/AUD";"Exotic-Cross";"Singapore Dollar";"Australian Dollar"
"SGD/BBD";"Exotic-Cross";"Singapore Dollar";"Barbadian Dollar"
"SGD/BRL";"Exotic-Cross";"Singapore Dollar";"Brazil Real"
"SGD/CHF";"Exotic-Cross";"Singapore Dollar";"Swiss Franc"
"SGD/CNY";"Exotic-Cross";"Singapore Dollar";"Chinese Yuan"
"SGD/DKK";"Exotic-Cross";"Singapore Dollar";"Danish Krone"
"SGD/EUR";"Exotic-Cross";"Singapore Dollar";"Euro"
"SGD/GBP";"Exotic-Cross";"Singapore Dollar";"British Pound"
"SGD/HKD";"Exotic-Cross";"Singapore Dollar";"Hong Kong Dollar"
"SGD/HUF";"Exotic-Cross";"Singapore Dollar";"Hungarian Forint"
"SGD/IDR";"Exotic-Cross";"Singapore Dollar";"Indonesian Rupiah"
"SGD/INR";"Exotic-Cross";"Singapore Dollar";"Indian Rupee"
"SGD/JMD";"Exotic-Cross";"Singapore Dollar";"Jamaican Dollar"
"SGD/JPY";"Exotic-Cross";"Singapore Dollar";"Japanese Yen"
"SGD/KRW";"Exotic-Cross";"Singapore Dollar";"Korean Won"
"SGD/KWD";"Minor";"Singapore Dollar";"Kuwaiti Dinar"
"SGD/LKR";"Exotic-Cross";"Singapore Dollar";"Sri Lankan Rupee"
"SGD/MXN";"Exotic-Cross";"Singapore Dollar";"Mexican Peso"
"SGD/MYR";"Exotic-Cross";"Singapore Dollar";"Malaysian Ringgit"
"SGD/NAD";"Exotic-Cross";"Singapore Dollar";"Namibian Dollar"
"SGD/NOK";"Exotic-Cross";"Singapore Dollar";"Norwegian Krone"
"SGD/NPR";"Exotic-Cross";"Singapore Dollar";"Nepalese Rupee"
"SGD/NZD";"Exotic-Cross";"Singapore Dollar";"New Zealand Dollar"
"SGD/OMR";"Exotic-Cross";"Singapore Dollar";"Omani Rial"
"SGD/PAB";"Exotic-Cross";"Singapore Dollar";"Panamanian Balboa"
"SGD/PHP";"Exotic-Cross";"Singapore Dollar";"Philippine Peso"
"SGD/PKR";"Exotic-Cross";"Singapore Dollar";"Pakistani Rupee"
"SGD/PLN";"Exotic-Cross";"Singapore Dollar";"Polish Zloty"
"SGD/QAR";"Exotic-Cross";"Singapore Dollar";"Qatari Riyal"
"SGD/RON";"Exotic-Cross";"Singapore Dollar";"Romanian Leu"
"SGD/RUB";"Exotic-Cross";"Singapore Dollar";"Russian Ruble"
"SGD/SAR";"Exotic-Cross";"Singapore Dollar";"Saudi Riyal"
"SGD/SEK";"Exotic-Cross";"Singapore Dollar";"Swedish Krona"
"SGD/THB";"Exotic-Cross";"Singapore Dollar";"Thai Baht"
"SGD/TRY";"Exotic-Cross";"Singapore Dollar";"Turkish Lira"
"SGD/TWD";"Exotic-Cross";"Singapore Dollar";"Taiwan Dollar"
"SGD/USD";"Exotic";"Singapore Dollar";"US Dollar"
"SGD/XAF";"Exotic-Cross";"Singapore Dollar";"Central African CFA franc"
"SGD/XCD";"Exotic-Cross";"Singapore Dollar";"East Caribbean Dollar"
"SGD/XOF";"Exotic-Cross";"Singapore Dollar";"West African CFA franc"
"SGD/ZAR";"Exotic-Cross";"Singapore Dollar";"South African Rand"
"SYP/USD";"Minor";"Syrian Pound";"US Dollar"
"THB/AUD";"Exotic-Cross";"Thai Baht";"Australian Dollar"
"THB/CNY";"Exotic-Cross";"Thai Baht";"Chinese Yuan"
"THB/DKK";"Exotic-Cross";"Thai Baht";"Danish Krone"
"THB/GBP";"Minor";"Thai Baht";"British Pound"
"THB/HKD";"Exotic-Cross";"Thai Baht";"Hong Kong Dollar"
"THB/IDR";"Exotic-Cross";"Thai Baht";"Indonesian Rupiah"
"THB/INR";"Exotic-Cross";"Thai Baht";"Indian Rupee"
"THB/JMD";"Exotic-Cross";"Thai Baht";"Jamaican Dollar"
"THB/JPY";"Exotic-Cross";"Thai Baht";"Japanese Yen"
"THB/KRW";"Exotic-Cross";"Thai Baht";"Korean Won"
"THB/MYR";"Exotic-Cross";"Thai Baht";"Malaysian Ringgit"
"THB/NAD";"Exotic-Cross";"Thai Baht";"Namibian Dollar"
"THB/NOK";"Exotic-Cross";"Thai Baht";"Norwegian Krone"
"THB/NPR";"Exotic-Cross";"Thai Baht";"Nepalese Rupee"
"THB/PHP";"Exotic-Cross";"Thai Baht";"Philippine Peso"
"THB/PKR";"Exotic-Cross";"Thai Baht";"Pakistani Rupee"
"THB/SEK";"Exotic-Cross";"Thai Baht";"Swedish Krona"
"THB/TWD";"Exotic-Cross";"Thai Baht";"Taiwan Dollar"
"THB/USD";"Minor";"Thai Baht";"US Dollar"
"THB/XAF";"Exotic-Cross";"Thai Baht";"Central African CFA franc"
"THB/XOF";"Exotic-Cross";"Thai Baht";"West African CFA franc"
"THB/ZAR";"Exotic-Cross";"Thai Baht";"South African Rand"
"TJS/RUB";"Minor";"Tajikistani somoni";"Russian Ruble"
"TND/GBP";"Exotic-Cross";"Tunisian Dinar";"British Pound"
"TRY/ARS";"Exotic-Cross";"Turkish Lira";"Argentinian Peso"
"TRY/BBD";"Exotic-Cross";"Turkish Lira";"Barbadian Dollar"
"TRY/BHD";"Exotic-Cross";"Turkish Lira";"Baharain Dinar"
"TRY/CHF";"Exotic-Cross";"Turkish Lira";"Swiss Franc"
"TRY/CZK";"Exotic-Cross";"Turkish Lira";"Czech Koruna"
"TRY/DKK";"Exotic-Cross";"Turkish Lira";"Danish Krone"
"TRY/EUR";"Exotic-Cross";"Turkish Lira";"Euro"
"TRY/GBP";"Exotic-Cross";"Turkish Lira";"British Pound"
"TRY/HUF";"Exotic-Cross";"Turkish Lira";"Hungarian Forint"
"TRY/JMD";"Exotic-Cross";"Turkish Lira";"Jamaican Dollar"
"TRY/JPY";"Exotic-Cross";"Turkish Lira";"Japanese Yen"
"TRY/LBP";"Exotic-Cross";"Turkish Lira";"Lebanese Pound"
"TRY/NAD";"Exotic-Cross";"Turkish Lira";"Namibian Dollar"
"TRY/NPR";"Exotic-Cross";"Turkish Lira";"Nepalese Rupee"
"TRY/PAB";"Exotic-Cross";"Turkish Lira";"Panamanian Balboa"
"TRY/PKR";"Exotic-Cross";"Turkish Lira";"Pakistani Rupee"
"TRY/PLN";"Exotic-Cross";"Turkish Lira";"Polish Zloty"
"TRY/RON";"Exotic-Cross";"Turkish Lira";"Romanian Leu"
"TRY/SGD";"Exotic-Cross";"Turkish Lira";"Singapore Dollar"
"TRY/UAH";"Minor";"Turkish Lira";"Ukrainian Hryvnia"
"TRY/USD";"Exotic";"Turkish Lira";"US Dollar"
"TRY/VEF";"Exotic-Cross";"Turkish Lira";"Venezuelan Bolivar"
"TRY/XAF";"Exotic-Cross";"Turkish Lira";"Central African CFA franc"
"TRY/XCD";"Exotic-Cross";"Turkish Lira";"East Caribbean Dollar"
"TRY/XOF";"Exotic-Cross";"Turkish Lira";"West African CFA franc"
"TWD/ARS";"Exotic-Cross";"Taiwan Dollar";"Argentinian Peso"
"TWD/AUD";"Exotic-Cross";"Taiwan Dollar";"Australian Dollar"
"TWD/BBD";"Exotic-Cross";"Taiwan Dollar";"Barbadian Dollar"
"TWD/BHD";"Exotic-Cross";"Taiwan Dollar";"Baharain Dinar"
"TWD/BRL";"Exotic-Cross";"Taiwan Dollar";"Brazil Real"
"TWD/CAD";"Exotic-Cross";"Taiwan Dollar";"Canadian Dollar"
"TWD/CHF";"Exotic-Cross";"Taiwan Dollar";"Swiss Franc"
"TWD/CLP";"Exotic-Cross";"Taiwan Dollar";"Chilean Peso"
"TWD/CNY";"Exotic-Cross";"Taiwan Dollar";"Chinese Yuan"
"TWD/EUR";"Exotic-Cross";"Taiwan Dollar";"Euro"
"TWD/GBP";"Exotic-Cross";"Taiwan Dollar";"British Pound"
"TWD/HKD";"Exotic-Cross";"Taiwan Dollar";"Hong Kong Dollar"
"TWD/IDR";"Exotic-Cross";"Taiwan Dollar";"Indonesian Rupiah"
"TWD/ILS";"Exotic-Cross";"Taiwan Dollar";"Israeli Shekel"
"TWD/INR";"Exotic-Cross";"Taiwan Dollar";"Indian Rupee"
"TWD/JMD";"Exotic-Cross";"Taiwan Dollar";"Jamaican Dollar"
"TWD/JPY";"Exotic-Cross";"Taiwan Dollar";"Japanese Yen"
"TWD/KRW";"Exotic-Cross";"Taiwan Dollar";"Korean Won"
"TWD/LBP";"Exotic-Cross";"Taiwan Dollar";"Lebanese Pound"
"TWD/MXN";"Exotic-Cross";"Taiwan Dollar";"Mexican Peso"
"TWD/MYR";"Exotic-Cross";"Taiwan Dollar";"Malaysian Ringgit"
"TWD/NAD";"Exotic-Cross";"Taiwan Dollar";"Namibian Dollar"
"TWD/NPR";"Exotic-Cross";"Taiwan Dollar";"Nepalese Rupee"
"TWD/NZD";"Exotic-Cross";"Taiwan Dollar";"New Zealand Dollar"
"TWD/PAB";"Exotic-Cross";"Taiwan Dollar";"Panamanian Balboa"
"TWD/PHP";"Exotic-Cross";"Taiwan Dollar";"Philippine Peso"
"TWD/PKR";"Exotic-Cross";"Taiwan Dollar";"Pakistani Rupee"
"TWD/RON";"Exotic-Cross";"Taiwan Dollar";"Romanian Leu"
"TWD/SEK";"Exotic-Cross";"Taiwan Dollar";"Swedish Krona"
"TWD/SGD";"Exotic-Cross";"Taiwan Dollar";"Singapore Dollar"
"TWD/THB";"Exotic-Cross";"Taiwan Dollar";"Thai Baht"
"TWD/USD";"Exotic";"Taiwan Dollar";"US Dollar"
"TWD/VEF";"Exotic-Cross";"Taiwan Dollar";"Venezuelan Bolivar"
"TWD/XAF";"Exotic-Cross";"Taiwan Dollar";"Central African CFA franc"
"TWD/XCD";"Exotic-Cross";"Taiwan Dollar";"East Caribbean Dollar"
"TWD/XOF";"Exotic-Cross";"Taiwan Dollar";"West African CFA franc"
"TWD/ZAR";"Exotic-Cross";"Taiwan Dollar";"South African Rand"
"UAH/KZT";"Minor";"Ukrainian Hryvnia";"Kazakh Tenge"
"UAH/PLN";"Minor";"Ukrainian Hryvnia";"Polish Zloty"
"UAH/RUB";"Exotic-Cross";"Ukrainian Hryvnia";"Russian Ruble"
"UAH/USD";"Minor";"Ukrainian Hryvnia";"US Dollar"
"USD/AED";"Exotic";"US Dollar";"UAE Dirham"
"USD/AFN";"Minor";"US Dollar";"Afghanistan Afghani"
"USD/ALL";"Exotic";"US Dollar";"Albanian Lek"
"USD/AMD";"Exotic";"US Dollar";"Armenian Dram"
"USD/AOA";"Minor";"US Dollar";"Angolan kwanza"
"USD/ARS";"Exotic";"US Dollar";"Argentinian Peso"
"USD/AUD";"Major";"US Dollar";"Australian Dollar"
"USD/AZN";"Exotic";"US Dollar";"Azerbaijani Manat"
"USD/BAM";"Exotic";"US Dollar";"Bosnian and Herzegovina Convertible Mark"
"USD/BBD";"Exotic";"US Dollar";"Barbadian Dollar"
"USD/BDT";"Exotic";"US Dollar";"Bangladeshi Taka"
"USD/BGN";"Exotic";"US Dollar";"Bulgarian Lev"
"USD/BHD";"Exotic";"US Dollar";"Baharain Dinar"
"USD/BIF";"Exotic";"US Dollar";"Burundian Franc"
"USD/BND";"Exotic";"US Dollar";"Brunei Dollar"
"USD/BOB";"Exotic";"US Dollar";"Bolivian Boliviano"
"USD/BRL";"Exotic";"US Dollar";"Brazil Real"
"USD/BWP";"Exotic";"US Dollar";"Botswana Pula"
"USD/BYN";"Exotic-Cross";"US Dollar";"Belarusian Ruble"
"USD/BZD";"Exotic";"US Dollar";"Belize Dollar"
"USD/CAD";"Major";"US Dollar";"Canadian Dollar"
"USD/CHF";"Major";"US Dollar";"Swiss Franc"
"USD/CLP";"Exotic";"US Dollar";"Chilean Peso"
"USD/CNH";"Exotic";"US Dollar";"Chinese Yuan (Offshore)"
"USD/CNY";"Exotic";"US Dollar";"Chinese Yuan"
"USD/COP";"Exotic";"US Dollar";"Colombian Peso"
"USD/CRC";"Exotic";"US Dollar";"Costa Rican Colon"
"USD/CZK";"Exotic";"US Dollar";"Czech Koruna"
"USD/DJF";"Exotic";"US Dollar";"Djiboutian Franc"
"USD/DKK";"Exotic";"US Dollar";"Danish Krone"
"USD/DOP";"Exotic";"US Dollar";"Dominican Peso"
"USD/DZD";"Exotic";"US Dollar";"Algerian Dinar"
"USD/EGP";"Exotic";"US Dollar";"Egyptian Pound"
"USD/ETB";"Exotic";"US Dollar";"Ethiopian Birr"
"USD/EUR";"Major";"US Dollar";"Euro"
"USD/FJD";"Exotic";"US Dollar";"Fiji Dollar"
"USD/GBP";"Major";"US Dollar";"British Pound"
"USD/GEL";"Exotic";"US Dollar";"Georgian lari"
"USD/GHS";"Exotic";"US Dollar";"Ghanaian Cedi"
"USD/GMD";"Exotic";"US Dollar";"Gambian Dalasi"
"USD/GNF";"Exotic";"US Dollar";"Guinean Franc"
"USD/GTQ";"Exotic";"US Dollar";"Guatemalan Quetzal"
"USD/HKD";"Exotic";"US Dollar";"Hong Kong Dollar"
"USD/HNL";"Exotic";"US Dollar";"Honduran Lempira"
"USD/HTG";"Exotic";"US Dollar";"Haitian Gourde"
"USD/HUF";"Exotic";"US Dollar";"Hungarian Forint"
"USD/IDR";"Exotic";"US Dollar";"Indonesian Rupiah"
"USD/ILS";"Exotic";"US Dollar";"Israeli Shekel"
"USD/INR";"Exotic";"US Dollar";"Indian Rupee"
"USD/IQD";"Exotic";"US Dollar";"Iraqi Dinar"
"USD/ISK";"Exotic";"US Dollar";"Icelandic Krona"
"USD/JMD";"Exotic";"US Dollar";"Jamaican Dollar"
"USD/JOD";"Exotic";"US Dollar";"Jordan Dinar"
"USD/JPY";"Major";"US Dollar";"Japanese Yen"
"USD/KES";"Exotic";"US Dollar";"Kenyan Shilling"
"USD/KHR";"Exotic";"US Dollar";"Cambodian Riel"
"USD/KMF";"Exotic";"US Dollar";"Comorian Franc"
"USD/KRW";"Exotic";"US Dollar";"Korean Won"
"USD/KWD";"Exotic";"US Dollar";"Kuwaiti Dinar"
"USD/KZT";"Exotic";"US Dollar";"Kazakh Tenge"
"USD/LAK";"Exotic";"US Dollar";"Lao Kip"
"USD/LBP";"Exotic";"US Dollar";"Lebanese Pound"
"USD/LKR";"Exotic";"US Dollar";"Sri Lankan Rupee"
"USD/LSL";"Exotic";"US Dollar";"Lesotho loti"
"USD/LYD";"Exotic";"US Dollar";"Libyan Dinar"
"USD/MAD";"Exotic";"US Dollar";"Moroccan Dirham"
"USD/MDL";"Exotic";"US Dollar";"Moldovan Leu"
"USD/MGA";"Exotic";"US Dollar";"Malagasy Ariary"
"USD/MKD";"Exotic";"US Dollar";"Macedonian Denar"
"USD/MMK";"Exotic";"US Dollar";"Myanmar kyat"
"USD/MNT";"Minor";"US Dollar";"Mongolian Tugrik"
"USD/MOP";"Exotic";"US Dollar";"Macanese Pataca"
"USD/MUR";"Exotic";"US Dollar";"Mauritian Rupee"
"USD/MVR";"Exotic";"US Dollar";"Maldivian Rufiyaa"
"USD/MWK";"Exotic";"US Dollar";"Malawian Kwacha"
"USD/MXN";"Exotic";"US Dollar";"Mexican Peso"
"USD/MYR";"Exotic";"US Dollar";"Malaysian Ringgit"
"USD/MZN";"Exotic";"US Dollar";"Mozambican Metical"
"USD/NAD";"Exotic";"US Dollar";"Namibian Dollar"
"USD/NGN";"Exotic";"US Dollar";"Nigerian Naira"
"USD/NIO";"Exotic";"US Dollar";"Nicaraguan Cordoba"
"USD/NOK";"Exotic";"US Dollar";"Norwegian Krone"
"USD/NPR";"Exotic";"US Dollar";"Nepalese Rupee"
"USD/NZD";"Major";"US Dollar";"New Zealand Dollar"
"USD/OMR";"Exotic";"US Dollar";"Omani Rial"
"USD/PEN";"Exotic";"US Dollar";"Peru Sol"
"USD/PGK";"Exotic";"US Dollar";"Papua New Guinean kina"
"USD/PHP";"Exotic";"US Dollar";"Philippine Peso"
"USD/PKR";"Exotic";"US Dollar";"Pakistani Rupee"
"USD/PLN";"Exotic";"US Dollar";"Polish Zloty"
"USD/PYG";"Exotic";"US Dollar";"Paraguayan Guarani"
"USD/QAR";"Exotic";"US Dollar";"Qatari Riyal"
"USD/RON";"Exotic";"US Dollar";"Romanian Leu"
"USD/RSD";"Exotic";"US Dollar";"Serbian Dinar"
"USD/RUB";"Minor";"US Dollar";"Russian Ruble"
"USD/RWF";"Exotic";"US Dollar";"Rwandan Franc"
"USD/SAR";"Exotic";"US Dollar";"Saudi Riyal"
"USD/SCR";"Exotic";"US Dollar";"Seychelles Rupee"
"USD/SDG";"Exotic";"US Dollar";"Sudanese Pound"
"USD/SEK";"Exotic";"US Dollar";"Swedish Krona"
"USD/SGD";"Exotic";"US Dollar";"Singapore Dollar"
"USD/SOS";"Exotic";"US Dollar";"Somali Shilling"
"USD/SVC";"Exotic";"US Dollar";"El Salvador Colon"
"USD/SYP";"Exotic";"US Dollar";"Syrian Pound"
"USD/SZL";"Exotic";"US Dollar";"Swazi Lilangeni"
"USD/THB";"Exotic";"US Dollar";"Thai Baht"
"USD/TJS";"Minor";"US Dollar";"Tajikistani somoni"
"USD/TMT";"Minor";"US Dollar";"Turkmenistan manat"
"USD/TND";"Exotic";"US Dollar";"Tunisian Dinar"
"USD/TRY";"Exotic";"US Dollar";"Turkish Lira"
"USD/TTD";"Exotic";"US Dollar";"Trinidad Dollar"
"USD/TWD";"Exotic";"US Dollar";"Taiwan Dollar"
"USD/TZS";"Exotic";"US Dollar";"Tanzanian Shilling"
"USD/UAH";"Exotic";"US Dollar";"Ukrainian Hryvnia"
"USD/UGX";"Exotic";"US Dollar";"Ugandan Shilling"
"USD/UYU";"Exotic";"US Dollar";"Uruguayan Peso"
"USD/UZS";"Exotic";"US Dollar";"Uzbekistani Sum"
"USD/VND";"Exotic";"US Dollar";"Vietnamese Dong"
"USD/VUV";"Exotic";"US Dollar";"Vanuatu vatu"
"USD/XAF";"Exotic";"US Dollar";"Central African CFA franc"
"USD/XCD";"Exotic";"US Dollar";"East Caribbean Dollar"
"USD/XOF";"Exotic";"US Dollar";"West African CFA franc"
"USD/XPF";"Exotic";"US Dollar";"French Pacific Franc"
"USD/YER";"Exotic";"US Dollar";"Yemeni Rial"
"USD/ZAR";"Exotic";"US Dollar";"South African Rand"
"USD/ZMW";"Exotic";"US Dollar";"Zambia Kwacha"
"UYU/USD";"Exotic";"Uruguayan Peso";"US Dollar"
"VEF/AED";"Exotic-Cross";"Venezuelan Bolivar";"UAE Dirham"
"VEF/AUD";"Exotic-Cross";"Venezuelan Bolivar";"Australian Dollar"
"VEF/BBD";"Exotic-Cross";"Venezuelan Bolivar";"Barbadian Dollar"
"VEF/BHD";"Exotic-Cross";"Venezuelan Bolivar";"Baharain Dinar"
"VEF/CNY";"Exotic-Cross";"Venezuelan Bolivar";"Chinese Yuan"
"VEF/CZK";"Exotic-Cross";"Venezuelan Bolivar";"Czech Koruna"
"VEF/DKK";"Exotic-Cross";"Venezuelan Bolivar";"Danish Krone"
"VEF/EGP";"Exotic-Cross";"Venezuelan Bolivar";"Egyptian Pound"
"VEF/HKD";"Exotic-Cross";"Venezuelan Bolivar";"Hong Kong Dollar"
"VEF/HUF";"Exotic-Cross";"Venezuelan Bolivar";"Hungarian Forint"
"VEF/IDR";"Exotic-Cross";"Venezuelan Bolivar";"Indonesian Rupiah"
"VEF/ILS";"Exotic-Cross";"Venezuelan Bolivar";"Israeli Shekel"
"VEF/INR";"Exotic-Cross";"Venezuelan Bolivar";"Indian Rupee"
"VEF/ISK";"Exotic-Cross";"Venezuelan Bolivar";"Icelandic Krona"
"VEF/JMD";"Exotic-Cross";"Venezuelan Bolivar";"Jamaican Dollar"
"VEF/JOD";"Exotic-Cross";"Venezuelan Bolivar";"Jordan Dinar"
"VEF/JPY";"Exotic-Cross";"Venezuelan Bolivar";"Japanese Yen"
"VEF/KES";"Exotic-Cross";"Venezuelan Bolivar";"Kenyan Shilling"
"VEF/KRW";"Exotic-Cross";"Venezuelan Bolivar";"Korean Won"
"VEF/LBP";"Exotic-Cross";"Venezuelan Bolivar";"Lebanese Pound"
"VEF/LKR";"Exotic-Cross";"Venezuelan Bolivar";"Sri Lankan Rupee"
"VEF/MAD";"Exotic-Cross";"Venezuelan Bolivar";"Moroccan Dirham"
"VEF/MYR";"Exotic-Cross";"Venezuelan Bolivar";"Malaysian Ringgit"
"VEF/NAD";"Exotic-Cross";"Venezuelan Bolivar";"Namibian Dollar"
"VEF/NOK";"Exotic-Cross";"Venezuelan Bolivar";"Norwegian Krone"
"VEF/NPR";"Exotic-Cross";"Venezuelan Bolivar";"Nepalese Rupee"
"VEF/NZD";"Exotic-Cross";"Venezuelan Bolivar";"New Zealand Dollar"
"VEF/OMR";"Exotic-Cross";"Venezuelan Bolivar";"Omani Rial"
"VEF/PAB";"Exotic-Cross";"Venezuelan Bolivar";"Panamanian Balboa"
"VEF/PHP";"Exotic-Cross";"Venezuelan Bolivar";"Philippine Peso"
"VEF/PKR";"Exotic-Cross";"Venezuelan Bolivar";"Pakistani Rupee"
"VEF/PLN";"Exotic-Cross";"Venezuelan Bolivar";"Polish Zloty"
"VEF/QAR";"Exotic-Cross";"Venezuelan Bolivar";"Qatari Riyal"
"VEF/RON";"Exotic-Cross";"Venezuelan Bolivar";"Romanian Leu"
"VEF/RUB";"Exotic-Cross";"Venezuelan Bolivar";"Russian Ruble"
"VEF/SAR";"Exotic-Cross";"Venezuelan Bolivar";"Saudi Riyal"
"VEF/SEK";"Exotic-Cross";"Venezuelan Bolivar";"Swedish Krona"
"VEF/SGD";"Exotic-Cross";"Venezuelan Bolivar";"Singapore Dollar"
"VEF/TRY";"Exotic-Cross";"Venezuelan Bolivar";"Turkish Lira"
"VEF/TWD";"Exotic-Cross";"Venezuelan Bolivar";"Taiwan Dollar"
"VEF/XAF";"Exotic-Cross";"Venezuelan Bolivar";"Central African CFA franc"
"VEF/XCD";"Exotic-Cross";"Venezuelan Bolivar";"East Caribbean Dollar"
"VEF/XOF";"Exotic-Cross";"Venezuelan Bolivar";"West African CFA franc"
"VEF/ZAR";"Exotic-Cross";"Venezuelan Bolivar";"South African Rand"
"VND/USD";"Minor";"Vietnamese Dong";"US Dollar"
"VND/XAF";"Exotic-Cross";"Vietnamese Dong";"Central African CFA franc"
"ZAR/AED";"Exotic-Cross";"South African Rand";"UAE Dirham"
"ZAR/ARS";"Exotic-Cross";"South African Rand";"Argentinian Peso"
"ZAR/AUD";"Exotic-Cross";"South African Rand";"Australian Dollar"
"ZAR/BBD";"Exotic-Cross";"South African Rand";"Barbadian Dollar"
"ZAR/BHD";"Exotic-Cross";"South African Rand";"Baharain Dinar"
"ZAR/BRL";"Exotic-Cross";"South African Rand";"Brazil Real"
"ZAR/BWP";"Exotic-Cross";"South African Rand";"Botswana Pula"
"ZAR/CAD";"Exotic-Cross";"South African Rand";"Canadian Dollar"
"ZAR/CHF";"Exotic-Cross";"South African Rand";"Swiss Franc"
"ZAR/CNY";"Exotic-Cross";"South African Rand";"Chinese Yuan"
"ZAR/DKK";"Exotic-Cross";"South African Rand";"Danish Krone"
"ZAR/EGP";"Exotic-Cross";"South African Rand";"Egyptian Pound"
"ZAR/EUR";"Exotic-Cross";"South African Rand";"Euro"
"ZAR/GBP";"Exotic-Cross";"South African Rand";"British Pound"
"ZAR/HKD";"Exotic-Cross";"South African Rand";"Hong Kong Dollar"
"ZAR/IDR";"Exotic-Cross";"South African Rand";"Indonesian Rupiah"
"ZAR/INR";"Exotic-Cross";"South African Rand";"Indian Rupee"
"ZAR/JMD";"Exotic-Cross";"South African Rand";"Jamaican Dollar"
"ZAR/JPY";"Exotic-Cross";"South African Rand";"Japanese Yen"
"ZAR/KES";"Exotic-Cross";"South African Rand";"Kenyan Shilling"
"ZAR/KRW";"Exotic-Cross";"South African Rand";"Korean Won"
"ZAR/LBP";"Exotic-Cross";"South African Rand";"Lebanese Pound"
"ZAR/LKR";"Exotic-Cross";"South African Rand";"Sri Lankan Rupee"
"ZAR/MXN";"Exotic-Cross";"South African Rand";"Mexican Peso"
"ZAR/MYR";"Exotic-Cross";"South African Rand";"Malaysian Ringgit"
"ZAR/NAD";"Exotic-Cross";"South African Rand";"Namibian Dollar"
"ZAR/NOK";"Exotic-Cross";"South African Rand";"Norwegian Krone"
"ZAR/NPR";"Exotic-Cross";"South African Rand";"Nepalese Rupee"
"ZAR/NZD";"Exotic-Cross";"South African Rand";"New Zealand Dollar"
"ZAR/PAB";"Exotic-Cross";"South African Rand";"Panamanian Balboa"
"ZAR/PHP";"Exotic-Cross";"South African Rand";"Philippine Peso"
"ZAR/PKR";"Exotic-Cross";"South African Rand";"Pakistani Rupee"
"ZAR/PLN";"Exotic-Cross";"South African Rand";"Polish Zloty"
"ZAR/RON";"Exotic-Cross";"South African Rand";"Romanian Leu"
"ZAR/RUB";"Exotic-Cross";"South African Rand";"Russian Ruble"
"ZAR/SEK";"Exotic-Cross";"South African Rand";"Swedish Krona"
"ZAR/SGD";"Exotic-Cross";"South African Rand";"Singapore Dollar"
"ZAR/THB";"Exotic-Cross";"South African Rand";"Thai Baht"
"ZAR/TWD";"Exotic-Cross";"South African Rand";"Taiwan Dollar"
"ZAR/USD";"Exotic";"South African Rand";"US Dollar"
"ZAR/VEF";"Exotic-Cross";"South African Rand";"Venezuelan Bolivar"
"ZAR/XAF";"Exotic-Cross";"South African Rand";"Central African CFA franc"
"ZAR/XCD";"Exotic-Cross";"South African Rand";"East Caribbean Dollar"
"ZAR/XOF";"Exotic-Cross";"South African Rand";"West African CFA franc"
